-- MySQL dump 10.13  Distrib 5.5.62, for debian-linux-gnu (x86_64)
--
-- Host: localhost    Database: logistic_transporte
-- ------------------------------------------------------
-- Server version	5.5.62-0+deb8u1

/*!40101 SET @OLD_CHARACTER_SET_CLIENT=@@CHARACTER_SET_CLIENT */;
/*!40101 SET @OLD_CHARACTER_SET_RESULTS=@@CHARACTER_SET_RESULTS */;
/*!40101 SET @OLD_COLLATION_CONNECTION=@@COLLATION_CONNECTION */;
/*!40101 SET NAMES utf8 */;
/*!40103 SET @OLD_TIME_ZONE=@@TIME_ZONE */;
/*!40103 SET TIME_ZONE='+00:00' */;
/*!40014 SET @OLD_UNIQUE_CHECKS=@@UNIQUE_CHECKS, UNIQUE_CHECKS=0 */;
/*!40014 SET @OLD_FOREIGN_KEY_CHECKS=@@FOREIGN_KEY_CHECKS, FOREIGN_KEY_CHECKS=0 */;
/*!40101 SET @OLD_SQL_MODE=@@SQL_MODE, SQL_MODE='NO_AUTO_VALUE_ON_ZERO' */;
/*!40111 SET @OLD_SQL_NOTES=@@SQL_NOTES, SQL_NOTES=0 */;

--
-- Table structure for table `chofer`
--

DROP TABLE IF EXISTS `chofer`;
/*!40101 SET @saved_cs_client     = @@character_set_client */;
/*!40101 SET character_set_client = utf8 */;
CREATE TABLE `chofer` (
  `idchofer` int(11) NOT NULL,
  `nombre_chofer` varchar(450) NOT NULL,
  `rut_chofer` varchar(45) NOT NULL,
  `created_chofer` datetime NOT NULL,
  `edited_chofer` datetime NOT NULL,
  `telefono` varchar(45) NOT NULL,
  `ranking` int(11) NOT NULL,
  `estrellas` int(11) NOT NULL,
  `observaciones` varchar(5000) NOT NULL,
  PRIMARY KEY (`idchofer`)
) ENGINE=InnoDB DEFAULT CHARSET=utf8;
/*!40101 SET character_set_client = @saved_cs_client */;

--
-- Dumping data for table `chofer`
--

LOCK TABLES `chofer` WRITE;
/*!40000 ALTER TABLE `chofer` DISABLE KEYS */;
INSERT INTO `chofer` VALUES (1593753957,'ALEJANDRO ENRIQUE CORREA ROSAS ','16085258','2020-07-03 00:00:00','2020-07-11 20:38:05','+56986567008',23,1,''),(1593754290,'BRANDON BENJAMIN ARRATIA DIAZ','19408070','2020-07-03 00:00:00','2020-07-13 18:46:26','+56941410106',32,1,''),(1593754525,'CARLOS JOSE SERRANO RUBIO','11029820','2020-07-03 00:00:00','2020-07-13 10:34:19','+56992985960',41,1,''),(1593754701,'DANIEL RAMOS VARGAS','16266861','2020-07-03 00:00:00','2020-07-13 10:37:01','+56949757471',27,1,''),(1593754813,'EDZON JOSE VALERA MANZANO','27189216','2020-07-03 00:00:00','2020-07-13 10:45:43','+56973032461',13,1,''),(1593755472,'IVAN ALEJANDRO MORAGA ROJAS','17752695','2020-07-03 00:00:00','2020-07-13 11:08:08','+56974227423',28,1,''),(1593755868,'JOSE MANUEL REBOLLEDO DIAZ','14175204','2020-07-03 00:00:00','2020-11-16 15:00:10','+56953496837',52,1,'ESPECIALES'),(1593756198,'JULIO ALFREDO TAPIA BEIZA','15433355','2020-07-03 00:00:00','2020-07-13 11:25:59','+56990502805',4,4,''),(1593756389,'LUIS EDUARDO GAYOSO LEAL','14136187','2020-07-03 00:00:00','2020-07-13 11:27:43','+56962009217',10,4,''),(1593757395,'PAOLA MARIA TRONCOSO RODRIGUEZ','11633012','2020-07-03 00:00:00','2020-07-13 11:39:17','+56982945416',18,1,''),(1593757525,'SANDRA PAOLA RIOS YAÑEZ','15452774','2020-07-03 00:00:00','2020-07-13 11:45:18','+56930785207',29,1,''),(1593757763,'RODRIGO ESTEBAN FIGUEROA VILLAGRA','16624936','2020-07-03 00:00:00','2020-07-13 11:43:56','+56975232734',53,1,''),(1593757784,'RODRIGO ANDRES CRISTIA PONCE ','16629415','2020-07-03 00:00:00','2020-07-14 09:39:20','+56950420410',19,1,''),(1593790649,'LEYDY SOFIA FLOREZ CACERES','26285243','2020-07-03 00:00:00','2020-07-13 11:27:21','+56932797111',3,5,''),(1593791404,'Walter Esteban Carrera Ferrada','17049616','2020-07-03 00:00:00','2020-07-13 11:51:17','+56935796359',9,1,''),(1593800827,'Yenny Isabel Gutierrez  Ahumada','14168172','2020-07-03 00:00:00','2020-07-13 11:51:48','+56992555930',26,1,''),(1593845607,'ROGELIO FREZ REYES','10768902','2020-06-23 00:00:00','2020-07-13 11:44:54','+56975743755',7,1,''),(1593960671,'DENISSE MACARENA VILCHES PLAZA','15669356','2020-07-04 00:00:00','2020-07-13 10:38:33','-+56974779342',42,1,''),(1594074649,'JORGE NICOLAS SILVA MUÑOZ','16752379','2020-07-06 00:00:00','2020-07-13 11:12:41','+56946161926',22,1,'GRUPO 9'),(1594074707,'JUAN IVO ENRIQUE MORALES CANDIA','19584335','2020-07-06 00:00:00','2020-07-13 11:23:59','+56948452592',5,1,'GRUPO 9'),(1594074792,'BRYAN ESTEBAN ABRIGO ABRIGO','17954230','2020-07-06 00:00:00','2020-07-11 21:19:47','+56935716819',39,1,'GRUPO 9'),(1594685322,'PATRICK JAVIER MORENO GOMEZ','18063221','2020-07-09 00:00:00','2020-07-22 19:52:18','+56951125972',58,1,''),(1594685535,'ANDERSSON JESUS  ARAQUE HERNANDEZ ','27128640','2020-07-09 00:00:00','2020-07-21 11:38:12','+56954984686',15,1,''),(1594691437,'CARLOS OPORTO REBOLLEDO','13449306','2020-07-06 00:00:00','2020-07-13 21:50:37','',48,1,''),(1595426375,'ELIZABETH ROSMERY RUBIO SILVA','25121317','2020-07-06 00:00:00','2020-07-22 09:59:35','+56953684187',2,1,''),(1596074065,'JORGE ANDRES NUÑEZ FLORES','16602330','2020-07-24 00:00:00','2020-07-29 21:54:25','+56950100124',1,5,''),(1597191722,'PASTOR TOVAR','26432532','2020-08-11 00:00:00','2020-08-26 17:55:02','+56954069524',60,2,''),(1597955586,'JONATHAN QUINTANA ','18497007','0000-00-00 00:00:00','2020-09-02 12:02:30','56998445825',20,1,'FURGON'),(1598278759,'JULIO MELIMAPO COÑOPAN','19064823-0','2020-08-21 00:00:00','2020-08-24 10:27:44','',56,1,'Furgon'),(1598478533,'VLADIMIR ALEGRIA','16341178','2020-08-26 00:00:00','2020-08-26 17:48:53','',6,1,'FURGON'),(1598478616,'CARLOS MEDINA','9747767','2020-08-26 00:00:00','2020-08-26 17:50:16','',84,1,'AUTOMOVIL'),(1598480426,'RENATO AGUAYO','15925685','2020-08-26 00:00:00','2020-08-26 18:20:56','',34,1,'AUTOMOVIL'),(1598487206,'GABRIEL HERRERA','18847666','2020-08-26 00:00:00','2020-08-26 20:13:26','',40,1,'AUTOMOVIL'),(1598488059,'ALVARO HERRERA','18074095','0000-00-00 00:00:00','2020-08-26 20:27:39','',50,1,'FURGON '),(1598491004,'RODRIGO BANDA','16416991','2020-08-26 00:00:00','2020-08-26 21:16:44','',17,1,'AUTOMOVIL'),(1598721748,'EDUARDO CAIROS','26972713','2020-08-28 00:00:00','2020-08-29 13:22:28','+56966246447',36,1,'AUTOMOVIL'),(1598721801,'MARIA FERNANDA RECABAL','18065158','2020-08-28 00:00:00','2020-08-29 13:23:21','+56932595501',11,3,'AUTOMOVIL'),(1598721874,'NELSON MUÑOZ','17671520','2020-08-27 00:00:00','2020-08-29 13:24:34','+56984720832',14,1,'AUTOMOVIL'),(1598721952,'RENZO FERRARI','12407635','2020-08-27 00:00:00','2020-08-29 13:25:52','+56993424047',21,1,'AUTOMOVIL'),(1598722623,'CAMILO GUEVARA','19240499','2020-08-28 00:00:00','2020-08-29 13:37:03','+56964421390',89,1,'FURGON ENEA 4'),(1598722682,'CLAUDIA GARRIDO','13056346','2020-08-25 00:00:00','2020-10-21 22:44:56','+56973030909',90,1,'FURGON ENEA4'),(1598722785,'JONATHAN TORRES','16718619','2020-08-25 00:00:00','2020-08-29 13:39:45','+56949674462',85,1,'FURGON ENEA4 DON GUILLERMO'),(1598722881,'RICARDO ROBINSON GARRIDO','13492995','2020-08-25 00:00:00','2020-08-29 13:41:21','+56995411663',92,1,'FURGON ENEA 4'),(1598723030,'MATIAS PEZOA','18293651','2020-08-26 00:00:00','2020-08-29 13:43:50','+56933902364',82,1,'FURGON ENEA 4'),(1599144380,'WILLIAM BRAVO','26958880','2020-09-03 00:00:00','2020-09-03 10:46:20','+56988322797',43,1,'Automovil'),(1599573871,'GUSTAVO SANCHEZ SANDOVAL','19273830','2020-09-03 00:00:00','2020-09-08 10:04:31','+56975572053',8,1,'Automovil'),(1599578360,'CRISTIAN BRIONES GUZMAN','7306516','2020-09-08 00:00:00','2020-09-08 11:19:20','+56965397788',44,1,'Automovil'),(1599658766,'OSCAR ESPINOZA MORALES','16626650','2020-09-07 00:00:00','2020-11-16 14:58:18','+56938900130',16,1,'ESPECIALES'),(1599662409,'MARIANO VALENZUELA MARTINEZ','10526761','2020-09-09 00:00:00','2020-10-07 18:00:01','+56931450851',54,1,'Furgón '),(1599769047,'JOHAN RAMIREZ','19313251','2020-08-10 00:00:00','2020-09-10 16:17:27','',24,1,'FURGON'),(1600955192,'LUKAS MOLINA VALLEJOS','19903914','2020-09-23 00:00:00','2020-09-24 09:46:32','',59,1,'Furgon'),(1601251693,'JULIO BRAVO','18186531','2020-07-02 00:00:00','2020-09-27 20:08:13','',66,1,'ESPECIAL'),(1601251733,'FRANKLIN ESPARRAGOZA','25695154','2020-07-02 00:00:00','2020-09-27 20:08:53','',62,1,'ESPECIAL'),(1601251760,'ANDRES IGLESIAS','16173768','2020-07-02 00:00:00','2020-09-27 20:09:20','',69,1,'ESPECIAL'),(1601251797,'CRISTOBAL MUÑOZ','16942119','2020-07-02 00:00:00','2020-10-14 08:35:12','',68,1,'ESPECIAL'),(1601251823,'JONATHAN  MUÑOZ','13922051','2020-07-02 00:00:00','2020-10-22 16:43:27','',65,1,'ESPECIAL VARIABLE'),(1601251845,'FRANCO NAVARRETE','19585763','2020-07-02 00:00:00','2020-09-27 20:10:45','',71,1,'ESPECIAL'),(1601251880,'IGNACIO PAVEZ','17836812','2020-07-02 00:00:00','2020-09-27 20:11:20','',75,1,'ESPECIAL'),(1601251908,'BERNADO PULGAR','26065050','2020-07-02 00:00:00','2020-10-21 19:48:22','',81,1,'ESPECIAL'),(1601251937,'IVAN VASQUEZ','97672202','2020-07-02 00:00:00','2020-09-27 20:12:17','',0,0,'ESPECIAL'),(1601251959,'RUBEN VENEGAS','9570817','2020-07-02 00:00:00','2020-10-21 20:59:34','',86,1,'ESPECIAL'),(1601410599,'RODRIGO LORCA','11947237','2020-09-16 00:00:00','2020-10-07 22:41:44','+56920019236',46,1,'HUECHURABA'),(1601410853,'RODRIGO GUTIERREZ','18065368','0000-00-00 00:00:00','2020-09-29 16:20:53','',45,1,'HUECHURABA'),(1601477112,'LUIS SEPULVEDA GARRIDO','17199358','2020-09-29 00:00:00','2020-09-30 10:45:12','56984638870',37,1,'CONCEPCION'),(1601477167,'SAMUEL ALVEAR RUIZ','19512229','2020-09-29 00:00:00','2020-09-30 10:46:07','56 9 9052 0335',78,1,'CONCEPCION'),(1601477277,'MARIO JARAMILLO CATALAN','9655204','2020-09-29 00:00:00','2020-09-30 10:47:57','56 9 84899752',70,1,'PUERTO MONTT'),(1601509893,'ESTEBAN ALUN OPAZO','19809189','2020-09-30 00:00:00','2020-09-30 19:51:33','+56 9 9537 8038',33,1,'PUNTA ARENAS'),(1601509929,'DIEGO DIAZ CARDENAS','17587672','2020-09-30 00:00:00','2020-09-30 19:52:09','+56 9 8555 9472',25,1,'PUNTA ARENAS'),(1601509976,'MARY ELMERIDA BIRROT','26010070','2020-09-30 00:00:00','2020-09-30 19:52:56','+56 9 3192 0885',49,1,'PUNTA ARENAS'),(1601510011,'HUGO MANSILLA VELASQUEZ','13407354','2020-09-30 00:00:00','2020-09-30 19:53:31','+56 9 9310 0806',64,1,'PUNTA ARENAS'),(1601510038,'JUAN VALENZUELA LEMUS','10583663','2020-09-30 00:00:00','2020-09-30 19:53:58','+56 9 3357 8175',47,1,'LA SERENA'),(1601510132,'MICHAEL MADIRD LEGER','16053034','2020-09-30 00:00:00','2020-09-30 19:55:32','+56 9 4459 3059',0,0,'LA SERENA'),(1602030480,'GIOVANNY VELASQUEZ PACHECO','20726014','2020-10-03 00:00:00','2020-10-06 20:28:00','',80,1,'PUNTA ARENAS'),(1602030559,'DIEGO MELLADO OJEDA','20294787','2020-10-02 00:00:00','2020-10-07 20:39:22','',38,1,'PUNTA ARENAS'),(1602030807,'JONATHAN SANTANA OVALLE','18903109','2020-10-05 00:00:00','2020-10-06 20:33:27','',73,1,'PUNTA ARENAS'),(1602030943,'CRISTIAN ROJAS GARRIDO','12465888','2020-10-05 00:00:00','2020-10-06 20:35:43','',55,1,'PUNTA ARENAS'),(1602031038,'CRISTIAN MUÑOZ MUÑOZ','15310048','2020-10-05 00:00:00','2020-10-06 20:37:18','',51,1,'PUNTA ARENAS'),(1602031114,'JOSE APABLAZA ARANCIBIA','17980054','2020-10-05 00:00:00','2020-10-06 20:38:34','',35,1,'LA SERENA'),(1602031217,'RAUL HERRERA ROJAS ','13531854','2020-10-06 00:00:00','2020-10-06 20:40:17','',12,1,'LA SERENA'),(1602249116,'MARIA BETANCUR ','8152589','0000-00-00 00:00:00','2020-10-09 09:11:56','',72,1,'Enea4'),(1602249711,'RODRIGO OPAZO','16113948','2020-10-08 00:00:00','2020-11-16 14:44:55','',63,1,'ESPECIALES '),(1602250408,'Excequiel Vasquez ','9767220','0000-00-00 00:00:00','2020-10-09 09:33:28','',77,1,'Enea4'),(1602851237,'Giovanni biolley ','17768794','2020-10-16 00:00:00','2020-10-16 08:27:17','',57,1,'Enea1'),(1602851284,'Claudio montero','12749256','2020-10-15 00:00:00','2020-10-16 08:28:04','',31,2,'Enea1'),(1602857425,'FELIPE DROGUETT','13882166','2020-10-16 00:00:00','2020-10-16 10:10:25','',61,1,'Enea1'),(1602857496,'GUSTAVO SANHUEZA','16910955','2020-10-16 00:00:00','2020-10-16 10:11:36','',83,1,'Enea1'),(1603327088,'MARLENE LILLO','12236560','0000-00-00 00:00:00','2020-10-21 20:38:08','',94,1,'VARIABLE'),(1603328082,'JUAN PABLO SUAZO','17784318','0000-00-00 00:00:00','2020-10-21 20:54:42','',88,1,'VARIABLE'),(1603367847,'VICTOR HIDALGO','25375132','0000-00-00 00:00:00','2020-10-22 08:31:14','',91,1,'ESPECIALES'),(1603498521,'RICARDO GARRIDO  PAPA','6872204','0000-00-00 00:00:00','2020-10-23 20:15:21','',87,1,'ESPECIAL'),(1603840123,'EMA AHUMADA','8068697','2020-10-27 00:00:00','2020-10-27 19:08:43','',93,1,'ESPECIAL FIJO'),(1603840568,'CAROLINA TORRES OSORIO','17021478','2020-10-26 00:00:00','2020-10-27 19:16:08','',79,1,'ENEA '),(1605556071,'JULIO OPAZO','9479616','0000-00-00 00:00:00','2020-11-16 14:47:51','56965261552',74,1,'ESPECIALES'),(1605556666,'YAZCARA CARVAJAL','15380272','0000-00-00 00:00:00','2020-11-16 14:57:46','',0,0,'ESPECIALES'),(1606408864,'JONATHAN CISTERNA','19229896','2020-11-16 00:00:00','2020-11-26 11:41:04','',30,3,'GUILLERMO'),(1606417720,'MIRKO REYES ALVARADO','23845961','2020-11-05 00:00:00','2020-11-26 14:08:40','',76,1,''),(1606598019,'RODRIGO DIAZ PAREDES','97659125','2020-11-09 00:00:00','2020-11-28 16:13:39','',67,1,'');
/*!40000 ALTER TABLE `chofer` ENABLE KEYS */;
UNLOCK TABLES;

--
-- Table structure for table `comuna`
--

DROP TABLE IF EXISTS `comuna`;
/*!40101 SET @saved_cs_client     = @@character_set_client */;
/*!40101 SET character_set_client = utf8 */;
CREATE TABLE `comuna` (
  `idcomuna` int(11) NOT NULL,
  `nombre_comuna` varchar(450) NOT NULL,
  `created_comuna` datetime NOT NULL,
  `edited_comuna` datetime NOT NULL,
  PRIMARY KEY (`idcomuna`)
) ENGINE=InnoDB DEFAULT CHARSET=utf8;
/*!40101 SET character_set_client = @saved_cs_client */;

--
-- Dumping data for table `comuna`
--

LOCK TABLES `comuna` WRITE;
/*!40000 ALTER TABLE `comuna` DISABLE KEYS */;
INSERT INTO `comuna` VALUES (1,'LO PRADO','2020-07-03 02:46:02','2020-07-03 02:46:02'),(2,'PUENTE ALTO','2020-07-03 02:46:02','2020-07-03 02:46:02'),(3,'MAIPU','2020-07-03 02:46:02','2020-07-03 02:46:02'),(5,'HUECHURABA','2020-07-03 02:46:02','2020-07-03 02:46:02'),(7,'BATUCO','2020-07-03 02:46:02','2020-07-03 02:46:02'),(9,'LA CISTERNA','2020-07-03 02:46:02','2020-07-03 02:46:02'),(11,'SAN JOAQUIN','2020-07-03 02:46:02','2020-07-03 02:46:02'),(12,'CERRO NAVIA','2020-07-03 02:46:02','2020-07-03 02:46:02'),(13,'PEDRO AGUIRRE CERDA','2020-07-03 02:46:02','2020-07-03 02:46:02'),(15,'COLINA','2020-07-03 02:46:03','2020-07-03 02:46:03'),(16,'LAMPA','2020-07-03 02:46:03','2020-07-03 02:46:03'),(17,'PROVIDENCIA','2020-07-03 02:46:03','2020-07-03 02:46:03'),(18,'SAN BERNARDO','2020-07-03 02:46:03','2020-07-04 00:25:07'),(19,'CONCHALI','2020-07-03 02:46:03','2020-07-03 02:46:03'),(20,'LA PINTANA','2020-07-03 02:46:03','2020-07-03 02:46:03'),(21,'EL BOSQUE','2020-07-03 02:46:03','2020-07-03 02:46:03'),(22,'CAJON DEL MAIPO','2020-07-03 02:46:03','2020-07-03 02:46:03'),(23,'RECOLETA','2020-07-03 02:46:03','2020-07-03 02:46:03'),(24,'LA GRANJA','2020-07-03 02:46:03','2020-07-03 02:46:03'),(25,'CERRILLOS','2020-07-03 02:46:03','2020-07-03 02:46:03'),(27,'ESTACION CENTRAL','2020-07-03 02:46:03','2020-07-03 02:46:03'),(28,'BUIN','2020-07-03 02:46:03','2020-07-03 02:46:03'),(29,'LO ESPEJO','2020-07-03 02:46:03','2020-07-03 02:46:03'),(30,'QUINTA NORMAL','2020-07-03 02:46:03','2020-07-03 02:46:03'),(31,'INDEPENDENCIA ','2020-07-03 02:46:03','2020-07-03 02:46:03'),(32,'SAN MIGUEL','2020-07-03 02:46:03','2020-07-03 02:46:03'),(33,'PUDAHUEL','2020-07-03 02:46:04','2020-07-03 02:46:04'),(34,'LA FLORIDA','2020-07-03 02:46:04','2020-07-03 02:46:04'),(35,'CHICUREO','2020-07-03 02:46:04','2020-07-03 02:46:04'),(37,'STGO CENTRO','2020-07-03 02:46:05','2020-07-03 02:46:05'),(38,'QUILICURA','2020-07-03 02:46:06','2020-07-03 02:46:06'),(39,'SAN RAMON','2020-07-03 02:46:06','2020-07-03 02:46:06'),(40,'RENCA','2020-07-03 02:46:06','2020-07-03 02:46:06'),(1593758827,'ÑUÑOA','2020-07-03 02:47:07','2020-07-03 02:47:07'),(1594207992,'PEÑALOLEN ','2020-07-08 07:33:12','2020-07-08 07:33:12'),(1594219367,'MACUL','2020-07-08 10:42:47','2020-07-08 10:42:47'),(1594776690,'CAMINO MELIPILLA','2020-07-14 21:31:30','2020-07-14 21:31:30'),(1595345881,'MELIPILLA','2020-07-21 11:38:01','2020-07-21 11:39:03'),(1595346064,'LA REINA','2020-07-21 11:41:04','2020-07-21 11:41:04'),(1595346684,'LAS CONDES','2020-07-21 11:51:24','2020-07-21 11:51:24'),(1595461985,'PAINE','2020-07-22 19:53:05','2020-07-22 19:53:05'),(1595463186,'LO BARNECHEA','2020-07-22 20:13:06','2020-07-22 20:13:06'),(1596591839,'TALAGANTE','2020-08-04 21:43:59','2020-08-04 21:43:59'),(1597956046,'PADRE HURTADO','2020-08-20 16:40:46','2020-08-20 16:40:46'),(1600955624,'CALERA DE TANGO','2020-09-24 09:53:44','2020-09-24 09:53:44'),(1601477391,'CONCEPCION','2020-09-30 10:49:51','2020-09-30 10:49:51'),(1601477399,'PUNTA ARENAS','2020-09-30 10:49:59','2020-09-30 10:49:59'),(1601477405,'LA SERENA','2020-09-30 10:50:05','2020-09-30 10:50:05'),(1601477411,'PUERTO MONTT','2020-09-30 10:50:11','2020-09-30 10:50:11');
/*!40000 ALTER TABLE `comuna` ENABLE KEYS */;
UNLOCK TABLES;

--
-- Table structure for table `reparto`
--

DROP TABLE IF EXISTS `reparto`;
/*!40101 SET @saved_cs_client     = @@character_set_client */;
/*!40101 SET character_set_client = utf8 */;
CREATE TABLE `reparto` (
  `idreparto` int(11) NOT NULL,
  `paquetes_inicial` int(11) NOT NULL,
  `paquetes_pendiente` int(11) NOT NULL,
  `paquetes_entregados` int(11) NOT NULL,
  `fecha_reparto` datetime NOT NULL,
  `comuna` int(11) NOT NULL,
  PRIMARY KEY (`idreparto`),
  KEY `fk_reparto_comuna_idx` (`comuna`),
  CONSTRAINT `fk_reparto_comuna` FOREIGN KEY (`comuna`) REFERENCES `comuna` (`idcomuna`) ON DELETE CASCADE ON UPDATE CASCADE
) ENGINE=InnoDB DEFAULT CHARSET=utf8;
/*!40101 SET character_set_client = @saved_cs_client */;

--
-- Dumping data for table `reparto`
--

LOCK TABLES `reparto` WRITE;
/*!40000 ALTER TABLE `reparto` DISABLE KEYS */;
INSERT INTO `reparto` VALUES (1593790589,40,3,37,'2020-07-03 11:36:29',38),(1593792688,20,2,18,'2020-07-03 12:11:28',17),(1593794391,24,5,19,'2020-07-03 12:39:51',17),(1593794949,47,13,34,'2020-07-03 12:49:09',37),(1593796177,49,2,47,'2020-07-03 13:09:37',3),(1593808625,47,0,47,'2020-07-03 16:37:05',17),(1593819676,49,8,41,'2020-07-03 19:41:16',23),(1593819900,43,9,34,'2020-07-03 19:45:00',33),(1593825948,41,1,40,'2020-07-03 21:25:48',37),(1593825950,25,5,20,'2020-06-25 00:00:00',17),(1593825951,34,10,24,'2020-06-25 00:00:00',3),(1593825952,41,8,33,'2020-06-25 00:00:00',30),(1593825954,47,9,38,'2020-06-26 00:00:00',37),(1593825956,43,12,31,'2020-06-26 00:00:00',3),(1593825958,45,5,40,'2020-06-26 00:00:00',31),(1593825963,45,14,31,'2020-06-27 00:00:00',17),(1593825969,43,43,0,'2020-06-30 00:00:00',38),(1593825971,37,3,34,'2020-07-01 00:00:00',17),(1593825972,79,9,70,'2020-07-01 00:00:00',17),(1593825973,51,0,51,'2020-07-02 00:00:00',17),(1593825975,32,3,29,'2020-06-30 00:00:00',37),(1593825976,32,10,22,'2020-06-30 00:00:00',24),(1593825983,36,0,36,'2020-07-01 00:00:00',5),(1593825984,53,18,35,'2020-07-01 00:00:00',37),(1593825985,49,49,0,'2020-07-02 00:00:00',5),(1593825986,37,3,34,'2020-07-01 00:00:00',3),(1593825987,30,0,30,'2020-07-01 00:00:00',34),(1593825988,36,15,21,'2020-07-01 00:00:00',33),(1593825991,44,12,32,'2020-07-01 00:00:00',40),(1593825992,40,4,36,'2020-07-01 00:00:00',34),(1593825993,36,10,26,'2020-06-23 00:00:00',38),(1593825998,40,7,33,'2020-06-23 00:00:00',31),(1593825999,50,45,5,'2020-06-23 00:00:00',15),(1593826002,60,24,36,'2020-06-23 00:00:00',5),(1593826007,45,8,37,'2020-06-24 00:00:00',38),(1593826013,60,22,38,'2020-06-24 00:00:00',37),(1593826015,40,14,26,'2020-06-24 00:00:00',33),(1593826016,41,24,17,'2020-06-24 00:00:00',34),(1593826023,39,11,28,'2020-06-25 00:00:00',5),(1593826025,44,5,39,'2020-06-25 00:00:00',37),(1593826031,36,6,30,'2020-06-26 00:00:00',19),(1593826032,16,3,13,'2020-06-26 00:00:00',31),(1593826034,34,10,24,'2020-06-26 00:00:00',37),(1593826037,88,64,24,'2020-06-27 00:00:00',31),(1593826039,79,26,53,'2020-06-27 00:00:00',37),(1593826043,50,22,28,'2020-06-29 00:00:00',18),(1593826044,50,33,17,'2020-06-29 00:00:00',16),(1593826045,81,8,73,'2020-06-29 00:00:00',37),(1593826046,32,7,25,'2020-06-30 00:00:00',37),(1593826053,70,0,70,'2020-07-01 00:00:00',37),(1593826054,45,12,33,'2020-07-01 00:00:00',33),(1593826055,63,1,62,'2020-07-01 00:00:00',1),(1593826056,50,8,34,'2020-07-01 00:00:00',3),(1593826057,65,1,64,'2020-07-01 00:00:00',37),(1593826058,62,7,55,'2020-07-01 00:00:00',37),(1593826059,70,70,0,'2020-07-01 00:00:00',37),(1593826060,45,3,42,'2020-07-01 00:00:00',5),(1593826061,62,8,55,'2020-07-01 00:00:00',37),(1593826062,61,13,48,'2020-07-01 00:00:00',23),(1593826063,59,5,54,'2020-07-01 00:00:00',34),(1593826064,53,6,47,'2020-07-02 00:00:00',37),(1593826065,51,3,48,'2020-07-02 00:00:00',5),(1593826066,62,11,51,'2020-07-02 00:00:00',2),(1593826067,52,0,52,'2020-07-02 00:00:00',1),(1593826068,43,17,26,'2020-07-02 00:00:00',25),(1593826069,38,4,34,'2020-07-02 00:00:00',23),(1593826070,60,13,47,'2020-06-23 00:00:00',9),(1593826071,60,26,34,'2020-06-23 00:00:00',9),(1593826072,45,4,41,'2020-06-24 00:00:00',9),(1593826073,45,10,35,'2020-06-24 00:00:00',9),(1593826076,40,19,21,'2020-06-24 00:00:00',30),(1593826079,63,15,48,'2020-06-25 00:00:00',34),(1593826082,44,6,38,'2020-06-26 00:00:00',23),(1593826086,44,4,40,'2020-06-27 00:00:00',9),(1593826087,71,45,26,'2020-06-27 00:00:00',1),(1593826090,80,62,18,'2020-06-29 00:00:00',28),(1593826091,42,7,35,'2020-07-01 00:00:00',3),(1593826092,46,6,40,'2020-07-01 00:00:00',38),(1593826093,50,50,0,'2020-07-02 00:00:00',38),(1593826100,33,0,33,'2020-06-24 00:00:00',1),(1593826108,61,22,39,'2020-06-25 00:00:00',3),(1593826110,24,2,22,'2020-06-25 00:00:00',19),(1593826117,39,8,31,'2020-06-25 00:00:00',12),(1593826123,50,10,40,'2020-06-26 00:00:00',3),(1593826125,29,2,27,'2020-06-26 00:00:00',30),(1593826127,28,4,24,'2020-06-26 00:00:00',24),(1593826132,29,0,29,'2020-06-26 00:00:00',30),(1593826134,39,5,34,'2020-06-26 00:00:00',30),(1593826139,53,3,50,'2020-06-27 00:00:00',30),(1593826141,35,4,31,'2020-06-27 00:00:00',32),(1593826148,52,19,33,'2020-06-30 00:00:00',30),(1593826151,31,3,28,'2020-06-30 00:00:00',33),(1593826155,55,0,55,'2020-06-30 00:00:00',37),(1593826157,54,0,54,'2020-07-01 00:00:00',30),(1593826158,55,8,47,'2020-07-01 00:00:00',30),(1593826159,58,4,54,'2020-07-01 00:00:00',37),(1593826160,39,2,37,'2020-07-01 00:00:00',3),(1593826161,31,6,25,'2020-07-01 00:00:00',33),(1593826162,64,6,58,'2020-07-01 00:00:00',3),(1593826163,44,19,25,'2020-06-26 00:00:00',3),(1593826165,30,17,13,'2020-06-26 00:00:00',35),(1593826166,35,27,8,'2020-06-26 00:00:00',38),(1593826170,50,35,15,'2020-06-26 00:00:00',27),(1593826172,55,28,27,'2020-06-27 00:00:00',3),(1593826173,26,2,24,'2020-06-27 00:00:00',25),(1593826176,42,15,27,'2020-06-27 00:00:00',33),(1593826179,50,49,1,'2020-06-29 00:00:00',16),(1593826181,55,7,48,'2020-06-29 00:00:00',2),(1593826189,15,0,15,'2020-06-30 00:00:00',31),(1593826190,11,3,8,'2020-06-30 00:00:00',34),(1593826193,41,31,10,'2020-06-30 00:00:00',22),(1593826194,30,3,25,'2020-07-01 00:00:00',38),(1593826195,41,6,35,'2020-07-01 00:00:00',29),(1593826197,52,7,45,'2020-07-01 00:00:00',38),(1593826198,54,16,38,'2020-07-01 00:00:00',12),(1593826199,57,2,55,'2020-07-01 00:00:00',23),(1593826200,42,1,41,'2020-07-01 00:00:00',19),(1593826201,43,1,42,'2020-07-01 00:00:00',5),(1593826202,51,21,30,'2020-07-02 00:00:00',37),(1593826203,28,0,28,'2020-07-02 00:00:00',25),(1593826204,62,22,40,'2020-07-02 00:00:00',29),(1593882978,100,3,97,'2020-07-04 13:16:18',1),(1593883065,123,79,44,'2020-07-04 13:17:45',2),(1593907624,45,1,44,'2020-07-04 20:07:04',1),(1593960040,42,10,32,'2020-07-04 00:00:00',38),(1593960123,60,21,39,'2020-07-04 00:00:00',38),(1593960325,39,2,37,'2020-07-04 00:00:00',33),(1593971568,13,1,12,'2020-07-05 13:52:48',7),(1594039812,39,7,32,'2020-07-02 00:00:00',1593758827),(1594039841,18,3,15,'2020-07-03 00:00:00',3),(1594040171,57,5,52,'2020-07-06 08:56:11',37),(1594054288,21,21,0,'2020-07-06 12:51:28',27),(1594073149,64,1,63,'2020-07-06 18:05:49',37),(1594073979,41,1,40,'2020-07-06 18:19:39',3),(1594075055,25,2,23,'2020-07-06 18:37:35',25),(1594075098,50,3,47,'2020-07-06 18:38:18',39),(1594076479,41,5,36,'2020-07-06 19:01:19',23),(1594082473,48,28,20,'2020-07-06 20:41:13',37),(1594084032,39,6,33,'2020-07-06 21:07:12',33),(1594084118,49,7,42,'2020-07-06 21:08:38',23),(1594084870,32,1,31,'2020-07-06 21:21:10',37),(1594086464,40,16,24,'2020-07-06 21:47:44',31),(1594087129,73,19,54,'2020-07-06 21:58:49',37),(1594087951,39,8,31,'2020-07-06 22:12:31',5),(1594088519,55,8,47,'2020-07-06 22:21:59',5),(1594091309,44,7,37,'2020-07-06 23:08:29',38),(1594091630,36,3,33,'2020-07-02 23:13:50',38),(1594091662,30,0,30,'2020-07-03 00:00:00',38),(1594091682,25,9,16,'2020-07-06 23:14:42',23),(1594094255,34,11,23,'2020-07-06 23:57:35',30),(1594094630,70,46,24,'2020-07-06 00:03:50',15),(1594110268,49,7,42,'2020-07-01 04:24:28',23),(1594110505,50,5,45,'2020-07-02 04:28:25',23),(1594111057,31,6,25,'2020-07-03 04:37:37',23),(1594111157,31,0,0,'2020-07-07 04:39:17',23),(1594111538,39,9,30,'2020-07-06 04:45:38',23),(1594134410,41,8,33,'2020-07-06 11:06:50',33),(1594139983,54,2,52,'2020-07-07 12:39:43',1593758827),(1594159733,80,0,80,'2020-07-07 18:08:53',17),(1594160205,43,0,43,'2020-07-07 18:16:45',38),(1594162134,44,4,40,'2020-07-07 18:48:54',38),(1594164648,35,6,29,'2020-07-07 19:30:48',38),(1594165250,51,1,50,'2020-07-07 19:40:50',31),(1594165258,60,4,56,'2020-07-07 19:40:58',27),(1594165581,46,0,46,'2020-07-07 19:46:21',33),(1594166476,58,5,53,'2020-07-07 20:01:16',23),(1594170383,77,23,54,'2020-07-07 21:06:23',1593758827),(1594171110,70,15,55,'2020-07-07 21:18:30',38),(1594171121,74,2,72,'2020-07-07 21:18:41',37),(1594172805,53,11,42,'2020-07-07 21:46:45',33),(1594173165,53,7,46,'2020-07-03 00:00:00',32),(1594173212,70,22,48,'2020-07-07 00:00:00',16),(1594174443,41,11,30,'2020-07-07 22:14:03',27),(1594174859,31,20,11,'2020-07-07 22:20:59',37),(1594175384,47,4,43,'2020-07-07 22:29:44',13),(1594180031,57,17,40,'2020-07-07 23:47:11',31),(1594180245,36,8,28,'2020-07-08 23:50:45',23),(1594214598,52,6,46,'2020-07-07 09:23:18',5),(1594219396,85,9,76,'2020-07-07 10:43:16',1594219367),(1594221179,73,0,73,'2020-07-08 11:12:59',37),(1594223492,56,1,55,'2020-07-08 11:51:32',24),(1594225114,51,7,44,'2020-07-08 12:18:34',37),(1594225942,67,44,23,'2020-07-08 12:32:22',1594207992),(1594236444,39,3,36,'2020-07-07 00:00:00',23),(1594236997,60,7,53,'2020-07-07 00:00:00',9),(1594246112,42,3,39,'2020-07-08 18:08:32',12),(1594246852,50,2,48,'2020-07-08 18:20:52',33),(1594247434,67,40,27,'2020-07-04 00:00:00',23),(1594247823,49,5,44,'2020-07-08 18:37:03',38),(1594249174,53,0,53,'2020-07-08 18:59:34',17),(1594254554,39,3,36,'2020-07-08 20:29:14',32),(1594255283,60,6,54,'2020-07-08 20:41:23',38),(1594255864,38,4,34,'2020-07-08 20:51:04',23),(1594256234,18,4,14,'2020-07-06 20:57:14',38),(1594257361,90,12,78,'2020-07-08 21:16:01',23),(1594258726,72,30,42,'2020-07-08 21:38:46',1594207992),(1594259355,36,13,23,'2020-07-08 21:49:15',37),(1594261105,50,5,45,'2020-07-08 22:18:25',25),(1594264635,54,20,34,'2020-07-08 23:17:15',31),(1594267475,78,4,74,'2020-07-09 00:04:35',24),(1594298705,54,15,39,'2020-07-03 08:45:05',3),(1594298729,79,25,54,'2020-07-08 08:45:29',37),(1594308730,36,0,36,'2020-07-09 11:32:10',31),(1594311711,47,9,38,'2020-07-09 12:21:51',37),(1594317337,20,17,3,'2020-07-09 13:55:37',27),(1594324724,37,0,37,'2020-07-09 15:58:44',17),(1594325420,84,1,83,'2020-07-08 16:10:20',17),(1594327534,39,7,32,'2020-07-08 16:45:34',27),(1594329659,36,5,31,'2020-07-09 17:20:59',38),(1594330820,27,0,27,'2020-07-09 17:40:20',37),(1594333397,80,1,79,'2020-07-09 18:23:17',17),(1594337443,52,0,52,'2020-07-09 19:30:43',5),(1594337677,58,1,57,'2020-07-09 19:34:37',37),(1594338197,40,6,34,'2020-07-09 19:43:17',38),(1594338694,69,7,62,'2020-07-09 19:51:34',23),(1594338859,50,3,47,'2020-07-09 19:54:19',3),(1594339583,23,3,20,'2020-07-09 20:06:23',25),(1594343434,38,1,37,'2020-07-09 21:10:34',24),(1594344250,30,4,26,'2020-07-09 21:24:10',37),(1594346125,55,5,50,'2020-07-09 21:55:25',1),(1594348889,57,9,48,'2020-07-09 22:41:29',38),(1594350536,20,5,15,'2020-07-09 23:08:56',23),(1594351383,41,9,32,'2020-07-09 23:23:03',3),(1594390683,55,2,53,'2020-07-10 10:18:03',39),(1594393367,40,1,39,'2020-07-10 11:02:47',37),(1594410912,21,0,21,'2020-07-10 15:55:12',38),(1594414128,34,5,29,'2020-07-10 16:48:48',38),(1594415600,63,1,62,'2020-07-10 17:13:20',17),(1594418941,49,9,40,'2020-07-10 18:09:01',38),(1594418972,58,0,58,'2020-07-10 18:09:32',31),(1594419482,42,1,41,'2020-07-10 18:18:02',17),(1594421456,25,4,21,'2020-07-10 18:50:56',37),(1594421675,65,2,63,'2020-07-10 18:54:35',5),(1594423756,50,6,44,'2020-07-10 19:29:16',23),(1594424715,77,4,73,'2020-07-10 19:45:15',13),(1594426260,44,2,42,'2020-07-10 20:11:00',2),(1594429290,69,7,62,'2020-07-10 21:01:30',38),(1594431479,35,3,32,'2020-07-10 21:37:59',37),(1594433248,31,5,26,'2020-07-10 22:07:28',23),(1594433433,75,7,68,'2020-07-10 22:10:33',23),(1594435113,18,1,17,'2020-07-10 22:38:33',12),(1594439597,44,25,19,'2020-07-10 23:53:17',30),(1594439678,30,4,26,'2020-07-10 23:54:38',23),(1594441662,33,6,27,'2020-07-10 00:27:42',38),(1594477804,68,3,65,'2020-07-11 10:30:04',37),(1594496517,33,4,29,'2020-07-11 15:41:57',38),(1594498826,35,12,23,'2020-07-11 16:20:26',38),(1594501081,45,4,41,'2020-07-10 16:58:01',13),(1594502888,30,13,17,'2020-07-11 17:28:08',3),(1594506890,55,31,24,'2020-07-11 18:34:50',1),(1594510946,55,43,12,'2020-07-11 19:42:26',16),(1594511242,64,0,64,'2020-07-11 19:47:22',5),(1594518090,62,26,36,'2020-07-10 21:41:30',18),(1594518579,55,26,29,'2020-07-11 21:49:39',2),(1594570299,34,23,11,'2020-07-11 12:11:39',30),(1594650528,16,0,16,'2020-07-13 10:28:48',31),(1594654466,30,5,25,'2020-07-13 11:34:26',37),(1594654704,41,3,38,'2020-07-13 11:38:24',37),(1594677532,42,0,42,'2020-07-13 17:58:52',5),(1594678976,38,28,10,'2020-07-13 18:22:56',15),(1594679968,27,0,27,'2020-07-02 00:00:00',1),(1594680007,39,3,36,'2020-07-03 00:00:00',1),(1594680033,44,0,44,'2020-07-06 00:00:00',1),(1594680052,49,6,43,'2020-07-07 00:00:00',1),(1594680087,45,2,43,'2020-07-08 00:00:00',3),(1594680109,30,10,20,'2020-07-09 00:00:00',3),(1594680181,47,0,47,'2020-07-10 00:00:00',3),(1594680205,8,0,8,'2020-07-13 00:00:00',3),(1594680899,13,0,13,'2020-07-13 00:00:00',37),(1594681026,25,3,22,'2020-07-02 00:00:00',27),(1594681064,21,2,19,'2020-07-03 00:00:00',27),(1594681134,33,5,28,'2020-07-07 00:00:00',29),(1594681174,31,16,15,'2020-07-09 00:00:00',37),(1594681250,31,19,12,'2020-07-10 00:00:00',37),(1594681296,21,6,15,'2020-07-13 00:00:00',37),(1594681534,23,5,18,'2020-07-02 00:00:00',38),(1594681574,37,10,27,'2020-07-03 00:00:00',38),(1594683155,65,4,61,'2020-07-13 19:32:35',27),(1594683847,28,2,26,'2020-07-13 19:44:07',16),(1594684383,35,1,34,'2020-07-13 19:53:03',23),(1594685704,32,5,27,'2020-07-13 20:15:04',33),(1594685757,74,3,71,'2020-07-13 00:00:00',33),(1594685897,49,1,48,'2020-07-13 00:00:00',29),(1594691603,42,9,33,'2020-07-13 21:53:23',3),(1594692271,27,4,23,'2020-07-13 22:04:31',1),(1594693702,34,7,27,'2020-07-13 22:28:22',23),(1594693804,42,4,38,'2020-07-13 22:30:04',30),(1594696804,50,18,32,'2020-07-13 23:20:04',35),(1594734122,43,5,38,'2020-07-01 00:00:00',3),(1594734154,29,15,14,'2020-07-02 00:00:00',3),(1594734224,35,4,31,'2020-07-03 00:00:00',33),(1594734326,62,4,58,'2020-07-08 00:00:00',1),(1594734349,39,1,38,'2020-07-09 00:00:00',1),(1594734371,90,8,82,'2020-07-10 00:00:00',12),(1594736987,19,1,18,'2020-07-14 10:29:47',9),(1594737094,33,6,27,'2020-07-14 10:31:34',37),(1594740995,19,0,19,'2020-07-14 11:36:35',31),(1594757568,10,1,9,'2020-07-14 00:00:00',32),(1594760229,39,0,39,'2020-07-14 16:57:09',37),(1594761758,46,4,42,'2020-07-01 00:00:00',12),(1594762424,51,0,51,'2020-07-14 17:33:44',5),(1594762664,23,6,17,'2020-07-13 00:00:00',37),(1594762714,40,27,13,'2020-07-06 00:00:00',1),(1594762768,39,0,39,'2020-07-09 00:00:00',1),(1594762792,47,2,45,'2020-07-10 00:00:00',1),(1594764147,27,2,25,'2020-07-14 18:02:27',33),(1594765034,24,4,20,'2020-07-14 18:17:14',38),(1594765464,53,7,46,'2020-07-14 18:24:24',3),(1594766011,59,0,59,'2020-07-14 18:33:31',17),(1594766204,61,7,54,'2020-07-14 18:36:44',38),(1594766628,60,1,59,'2020-07-14 18:43:48',1594207992),(1594766681,33,0,33,'2020-07-14 18:44:41',38),(1594768138,23,0,23,'2020-07-14 19:08:58',27),(1594769642,35,0,35,'2020-07-14 19:34:02',16),(1594770177,64,29,35,'2020-07-14 19:42:57',1593758827),(1594772731,37,2,35,'2020-07-14 20:25:31',23),(1594773289,44,13,31,'2020-07-14 20:34:49',5),(1594776840,16,0,16,'2020-07-01 21:34:00',21),(1594776850,85,0,85,'2020-07-14 21:34:10',2),(1594776876,33,0,33,'2020-07-03 21:34:36',20),(1594776909,34,1,33,'2020-07-06 21:35:09',39),(1594776933,38,0,38,'2020-07-07 21:35:33',20),(1594776964,34,0,34,'2020-07-08 21:36:04',21),(1594776991,32,0,32,'2020-07-10 21:36:31',18),(1594777026,29,3,26,'2020-07-11 21:37:06',20),(1594777056,43,0,43,'2020-07-14 21:37:36',20),(1594777816,38,2,36,'2020-07-14 21:50:16',37),(1594778067,39,1,38,'2020-07-14 21:54:27',23),(1594778101,56,12,44,'2020-07-14 21:55:01',1594776690),(1594779891,27,1,26,'2020-07-14 22:24:51',1),(1594811184,40,2,38,'2020-07-14 07:06:24',37),(1594821550,43,13,30,'2020-07-03 00:00:00',3),(1594821580,37,20,17,'2020-07-06 00:00:00',3),(1594821602,78,29,49,'2020-07-07 00:00:00',3),(1594821629,41,16,25,'2020-07-08 00:00:00',1),(1594821682,36,11,25,'2020-07-13 00:00:00',17),(1594821716,38,5,33,'2020-07-14 00:00:00',1),(1594826302,56,0,56,'2020-07-14 11:18:22',17),(1594826378,46,0,46,'2020-07-15 11:19:38',17),(1594826431,34,0,34,'2020-07-15 11:20:31',31),(1594826838,54,36,18,'2020-07-03 00:00:00',23),(1594826886,26,3,23,'2020-07-09 00:00:00',31),(1594826928,54,3,51,'2020-07-10 00:00:00',31),(1594826960,44,0,44,'2020-07-14 00:00:00',31),(1594828954,41,10,31,'2020-07-15 12:02:34',37),(1594834963,58,3,55,'2020-07-15 13:42:43',24),(1594838105,45,10,35,'2020-07-02 00:00:00',1),(1594844994,30,0,30,'2020-07-15 16:29:54',20),(1594846665,42,1,41,'2020-07-15 16:57:45',1594207992),(1594848901,49,1,48,'2020-07-15 00:00:00',12),(1594849317,59,4,55,'2020-07-15 17:41:57',38),(1594851580,42,4,38,'2020-07-15 18:19:40',37),(1594852148,53,3,50,'2020-07-15 18:29:08',37),(1594852342,70,12,58,'2020-07-15 18:32:22',38),(1594853247,57,0,57,'2020-07-15 18:47:27',5),(1594853416,59,2,57,'2020-07-15 18:50:16',33),(1594853437,38,5,33,'2020-07-15 18:50:37',23),(1594853619,64,0,64,'2020-07-15 18:53:39',17),(1594855824,38,5,33,'2020-07-15 19:30:24',38),(1594856259,56,2,54,'2020-07-15 19:37:39',37),(1594860007,23,1,22,'2020-07-15 00:00:00',27),(1594860123,28,5,23,'2020-07-15 00:00:00',17),(1594860226,50,0,50,'2020-07-15 20:43:46',33),(1594862158,42,0,42,'2020-07-15 21:15:58',34),(1594862926,38,14,24,'2020-07-17 00:00:00',37),(1594867019,54,3,51,'2020-07-15 22:36:59',31),(1594868381,50,10,40,'2020-07-15 22:59:41',37),(1594868506,66,16,50,'2020-07-14 23:01:46',29),(1594919866,66,31,35,'2020-07-15 13:17:46',18),(1594920069,63,23,40,'2020-07-14 13:21:09',18),(1594956081,50,22,28,'2020-07-06 00:00:00',15),(1594956120,41,4,37,'2020-07-07 00:00:00',40),(1594956163,39,0,39,'2020-07-08 00:00:00',40),(1594956235,16,1,15,'2020-07-13 00:00:00',40),(1594994071,17,3,14,'2020-07-03 00:00:00',1),(1594994225,29,0,29,'2020-07-14 00:00:00',40),(1594994275,38,0,38,'2020-07-15 00:00:00',40),(1594998446,42,0,42,'2020-07-17 11:07:26',37),(1595000751,3,0,3,'2020-07-17 11:45:51',31),(1595011362,24,3,21,'2020-07-17 14:42:42',37),(1595018713,27,14,13,'2020-07-17 16:45:13',15),(1595019926,54,5,49,'2020-07-17 17:05:26',38),(1595023168,34,0,34,'2020-07-17 17:59:28',39),(1595027801,29,2,27,'2020-07-17 19:16:41',16),(1595028978,55,3,52,'2020-07-17 19:36:18',38),(1595029056,43,13,30,'2020-07-17 19:37:36',37),(1595031526,51,13,38,'2020-07-17 20:18:46',5),(1595037384,35,0,35,'2020-07-17 00:00:00',40),(1595037515,43,1,42,'2020-07-03 00:00:00',1),(1595037553,68,12,56,'2020-07-04 00:00:00',1),(1595037579,39,0,39,'2020-07-10 00:00:00',1),(1595037648,26,7,19,'2020-07-17 00:00:00',17),(1595040188,33,0,33,'2020-07-17 22:43:08',37),(1595040514,57,47,10,'2020-07-17 22:48:34',15),(1595048630,29,3,26,'2020-07-18 01:03:50',33),(1595080608,35,2,33,'2020-07-15 09:56:48',2),(1595080657,29,12,17,'2020-07-17 09:57:37',37),(1595086580,120,14,106,'2020-07-18 11:36:20',37),(1595104952,72,12,60,'2020-07-18 16:42:32',38),(1595110087,38,1,37,'2020-07-18 18:08:07',21),(1595113631,91,32,59,'2020-07-18 19:07:11',17),(1595116141,151,0,151,'2020-07-18 19:49:01',37),(1595117338,93,18,75,'2020-07-18 20:08:58',1),(1595118854,40,0,40,'2020-07-18 20:34:14',17),(1595120082,48,29,19,'2020-07-18 20:54:42',28),(1595202087,25,1,24,'2020-07-01 19:41:27',33),(1595202136,34,2,32,'2020-07-02 19:42:16',33),(1595255848,10,0,10,'2020-07-20 10:37:28',31),(1595276625,44,1,43,'2020-07-20 16:23:45',37),(1595278819,5,0,5,'2020-07-20 17:00:19',23),(1595279854,43,0,43,'2020-07-20 17:17:34',5),(1595281114,56,10,46,'2020-07-01 00:00:00',37),(1595281141,63,17,46,'2020-07-02 00:00:00',37),(1595281185,46,7,39,'2020-07-07 00:00:00',37),(1595281213,46,9,37,'2020-07-15 00:00:00',37),(1595281247,50,5,45,'2020-07-17 00:00:00',37),(1595281279,111,52,59,'2020-07-18 00:00:00',3),(1595281729,50,7,43,'2020-07-03 00:00:00',37),(1595282053,45,0,45,'2020-07-01 00:00:00',3),(1595282086,40,5,35,'2020-07-02 00:00:00',3),(1595282116,37,4,33,'2020-07-03 00:00:00',1),(1595282140,40,2,38,'2020-07-06 00:00:00',3),(1595282169,30,2,28,'2020-07-11 00:00:00',1),(1595282189,23,2,21,'2020-07-13 00:00:00',1),(1595282222,30,0,30,'2020-07-14 00:00:00',3),(1595282251,25,1,24,'2020-07-15 00:00:00',3),(1595282295,22,3,19,'2020-07-17 00:00:00',25),(1595282389,30,9,21,'2020-07-06 00:00:00',1),(1595282413,25,5,20,'2020-07-13 00:00:00',1),(1595282436,35,7,28,'2020-07-14 00:00:00',1),(1595284365,28,0,28,'2020-07-20 18:32:45',37),(1595285795,55,4,51,'2020-07-20 18:56:35',18),(1595288364,37,1,36,'2020-07-20 19:39:24',40),(1595290358,42,1,41,'2020-07-18 20:12:38',34),(1595290499,41,7,34,'2020-07-20 20:14:59',13),(1595290638,61,5,56,'2020-07-20 20:17:18',13),(1595290864,42,3,39,'2020-07-20 20:21:04',17),(1595293907,55,0,55,'2020-07-20 21:11:47',25),(1595296598,44,3,41,'2020-07-20 21:56:38',38),(1595303533,86,2,84,'2020-07-20 23:52:13',2),(1595304623,59,6,53,'2020-07-20 00:10:23',16),(1595304707,76,11,65,'2020-07-21 00:11:47',27),(1595307863,30,0,30,'2020-07-21 01:04:23',27),(1595328228,37,2,35,'2020-07-20 06:43:48',19),(1595337576,31,0,31,'2020-07-20 00:00:00',40),(1595337723,39,3,36,'2020-07-20 00:00:00',3),(1595338294,56,17,39,'2020-07-01 00:00:00',1),(1595338857,28,0,28,'2020-07-01 00:00:00',1),(1595338878,15,4,11,'2020-07-06 00:00:00',1),(1595339394,41,12,29,'2020-07-20 00:00:00',1),(1595340616,40,13,27,'2020-07-14 00:00:00',1),(1595340636,50,1,49,'2020-07-15 00:00:00',1),(1595340666,39,13,26,'2020-07-17 00:00:00',1),(1595340701,55,19,36,'2020-07-18 00:00:00',1),(1595340741,90,61,29,'2020-07-20 00:00:00',1),(1595345353,75,9,66,'2020-07-21 00:00:00',34),(1595345402,31,6,25,'2020-07-21 00:00:00',30),(1595345822,45,34,11,'2020-07-09 00:00:00',28),(1595345895,81,0,81,'2020-07-21 11:38:15',37),(1595345922,50,7,43,'2020-07-13 00:00:00',1595345881),(1595346091,42,0,42,'2020-07-20 00:00:00',1595346064),(1595346228,36,8,28,'2020-07-14 00:00:00',37),(1595346252,23,0,23,'2020-07-15 00:00:00',1595346064),(1595346275,23,0,23,'2020-07-17 00:00:00',2),(1595346713,66,20,46,'2020-07-21 00:00:00',1595346684),(1595347439,84,3,81,'2020-07-21 00:00:00',18),(1595360487,47,16,31,'2020-07-20 00:00:00',1595346684),(1595361818,31,6,25,'2020-07-01 00:00:00',1),(1595362127,50,33,17,'2020-07-03 00:00:00',40),(1595362907,84,16,68,'2020-07-10 00:00:00',38),(1595364524,25,2,23,'2020-07-21 16:48:44',16),(1595365701,30,20,10,'2020-07-21 17:08:21',15),(1595366493,63,0,63,'2020-07-21 17:21:33',17),(1595368292,44,2,42,'2020-07-21 17:51:32',1),(1595370338,53,0,53,'2020-07-21 18:25:38',1595346684),(1595371096,35,2,33,'2020-07-21 18:38:16',13),(1595373309,53,0,53,'2020-07-21 00:00:00',40),(1595373430,43,23,20,'2020-07-03 00:00:00',1),(1595373462,23,5,18,'2020-07-06 00:00:00',34),(1595373491,53,18,35,'2020-07-07 00:00:00',34),(1595373521,67,32,35,'2020-07-08 00:00:00',2),(1595373541,51,10,41,'2020-07-09 00:00:00',2),(1595373562,79,32,47,'2020-07-10 00:00:00',2),(1595373586,58,34,24,'2020-07-13 00:00:00',2),(1595373605,69,22,47,'2020-07-14 00:00:00',2),(1595373626,45,15,30,'2020-07-15 00:00:00',2),(1595373659,34,8,26,'2020-07-18 00:00:00',3),(1595374677,41,5,36,'2020-07-21 19:37:57',3),(1595375526,42,1,41,'2020-07-21 00:00:00',29),(1595375715,52,4,48,'2020-07-21 00:00:00',38),(1595375886,51,0,51,'2020-07-21 00:00:00',1),(1595376020,62,1,61,'2020-07-21 00:00:00',23),(1595376075,33,1,32,'2020-07-21 00:00:00',2),(1595376116,34,1,33,'2020-07-21 20:01:56',37),(1595376161,50,8,42,'2020-07-21 00:00:00',1),(1595376229,45,1,44,'2020-07-21 00:00:00',1),(1595376471,65,0,65,'2020-07-21 00:00:00',5),(1595376658,51,0,51,'2020-07-21 00:00:00',30),(1595379845,53,5,48,'2020-07-21 21:04:05',37),(1595383189,45,5,40,'2020-07-21 21:59:49',5),(1595383312,47,1,46,'2020-07-21 22:01:52',23),(1595383535,42,1,41,'2020-07-07 22:05:35',9),(1595383655,53,0,53,'2020-07-08 22:07:35',24),(1595383728,69,0,69,'2020-07-09 22:08:48',24),(1595383778,33,12,21,'2020-07-13 22:09:38',37),(1595383845,61,2,59,'2020-07-14 22:10:45',33),(1595383883,55,6,49,'2020-07-18 22:11:23',2),(1595383917,51,2,49,'2020-07-20 22:11:57',33),(1595383946,75,6,69,'2020-07-21 22:12:26',33),(1595384021,74,12,62,'2020-07-21 22:13:41',1593758827),(1595387025,62,18,44,'2020-07-21 23:03:45',37),(1595389855,78,5,73,'2020-07-21 23:50:55',38),(1595423622,50,32,18,'2020-07-01 00:00:00',2),(1595423644,55,34,21,'2020-07-02 00:00:00',37),(1595423668,38,19,19,'2020-07-03 00:00:00',37),(1595423693,55,3,52,'2020-07-07 00:00:00',17),(1595423716,80,11,69,'2020-07-08 00:00:00',17),(1595423744,36,10,26,'2020-07-09 00:00:00',17),(1595423767,51,1,50,'2020-07-10 00:00:00',17),(1595423791,56,0,56,'2020-07-14 00:00:00',17),(1595423820,55,22,33,'2020-07-18 00:00:00',1594207992),(1595423846,32,4,28,'2020-07-20 00:00:00',3),(1595424271,46,1,45,'2020-07-21 00:00:00',17),(1595425794,40,34,6,'2020-07-07 00:00:00',1),(1595425862,21,7,14,'2020-07-09 00:00:00',1),(1595425897,25,3,22,'2020-07-21 00:00:00',1),(1595426042,49,6,43,'2020-07-02 00:00:00',1),(1595426074,50,24,26,'2020-07-04 00:00:00',1),(1595426204,80,6,74,'2020-07-21 00:00:00',3),(1595426420,75,14,61,'2020-07-21 00:00:00',37),(1595426531,46,13,33,'2020-07-21 00:00:00',1595346684),(1595426992,75,6,69,'2020-07-21 00:00:00',33),(1595427343,58,5,53,'2020-07-21 00:00:00',37),(1595427483,55,43,12,'2020-07-18 00:00:00',15),(1595427513,40,0,40,'2020-07-21 00:00:00',1),(1595438619,33,1,32,'2020-07-22 13:23:39',2),(1595443264,46,0,46,'2020-07-22 14:41:04',31),(1595444220,27,1,26,'2020-07-22 14:57:00',1595346684),(1595447551,47,1,46,'2020-07-22 15:52:31',17),(1595450812,24,0,24,'2020-07-22 16:46:52',1595346684),(1595451608,32,0,32,'2020-07-22 00:00:00',29),(1595452580,60,3,57,'2020-07-22 00:00:00',1),(1595452651,55,14,41,'2020-07-22 00:00:00',2),(1595452742,37,0,37,'2020-07-22 00:00:00',23),(1595452784,33,0,33,'2020-07-22 00:00:00',40),(1595453215,34,2,32,'2020-07-22 00:00:00',3),(1595453952,40,0,40,'2020-07-22 00:00:00',11),(1595454110,27,13,14,'2020-07-22 00:00:00',38),(1595454180,26,1,25,'2020-07-22 00:00:00',1),(1595454195,22,1,21,'2020-07-01 17:43:15',30),(1595454286,38,1,37,'2020-07-02 17:44:46',30),(1595454435,23,0,23,'2020-07-03 17:47:15',30),(1595455457,42,0,42,'2020-07-07 18:04:17',30),(1595455495,32,0,32,'2020-07-06 18:04:55',1),(1595455534,46,0,46,'2020-07-08 18:05:34',30),(1595455573,31,0,31,'2020-07-14 18:06:13',1),(1595455593,39,13,26,'2020-07-22 18:06:33',38),(1595455607,36,0,36,'2020-07-15 18:06:47',30),(1595459681,70,12,58,'2020-07-22 19:14:41',38),(1595461205,61,0,61,'2020-07-22 19:40:05',5),(1595461757,55,40,15,'2020-07-22 19:49:17',15),(1595461769,44,0,44,'2020-07-22 19:49:29',23),(1595462022,55,49,6,'2020-07-17 00:00:00',1595461985),(1595462229,35,13,22,'2020-07-02 00:00:00',23),(1595462312,45,22,23,'2020-07-04 00:00:00',35),(1595462340,21,3,18,'2020-07-06 00:00:00',30),(1595462368,44,10,34,'2020-07-08 00:00:00',30),(1595462411,32,4,28,'2020-07-10 00:00:00',12),(1595462443,28,5,23,'2020-07-13 00:00:00',15),(1595462467,29,2,27,'2020-07-14 00:00:00',16),(1595462495,34,5,29,'2020-07-15 00:00:00',40),(1595462527,36,9,27,'2020-07-17 00:00:00',40),(1595462737,74,22,52,'2020-07-01 00:00:00',1),(1595462758,68,35,33,'2020-07-02 00:00:00',1),(1595462774,37,4,33,'2020-07-03 00:00:00',1),(1595462792,51,13,38,'2020-07-06 00:00:00',1),(1595462808,78,3,75,'2020-07-07 00:00:00',1),(1595462828,69,12,57,'2020-07-08 00:00:00',1),(1595462840,33,3,30,'2020-07-09 00:00:00',1),(1595462859,105,9,96,'2020-07-11 00:00:00',1),(1595462878,91,70,21,'2020-07-15 00:00:00',1),(1595462902,95,37,58,'2020-07-18 00:00:00',1),(1595462921,50,29,21,'2020-07-21 00:00:00',1),(1595463212,55,0,55,'2020-07-22 00:00:00',1595463186),(1595463283,48,1,47,'2020-07-22 00:00:00',1595346064),(1595463336,69,0,69,'2020-07-22 20:15:36',31),(1595464023,70,0,70,'2020-07-22 20:27:03',37),(1595464986,36,32,4,'2020-07-22 20:43:06',2),(1595466632,45,4,41,'2020-07-22 21:10:32',37),(1595467664,35,4,31,'2020-07-22 21:27:44',38),(1595467703,62,29,33,'2020-07-22 21:28:23',16),(1595467974,37,7,30,'2020-07-22 21:32:54',1594219367),(1595468480,105,20,85,'2020-07-22 21:41:20',2),(1595468529,64,1,63,'2020-07-22 21:42:09',33),(1595469522,22,7,15,'2020-07-22 21:58:42',37),(1595474510,86,22,64,'2020-07-22 23:21:50',2),(1595476281,31,14,17,'2020-07-22 23:51:21',23),(1595500840,55,0,55,'2020-07-23 06:40:40',1595463186),(1595509816,46,14,32,'2020-07-09 00:00:00',1),(1595509836,59,19,40,'2020-07-10 00:00:00',1),(1595509858,77,35,42,'2020-07-13 00:00:00',1),(1595509903,53,11,42,'2020-07-15 00:00:00',1),(1595509941,50,3,47,'2020-07-20 00:00:00',1),(1595509966,92,70,22,'2020-07-22 00:00:00',1),(1595510394,51,6,45,'2020-07-22 00:00:00',1),(1595510479,73,13,60,'2020-07-14 00:00:00',1),(1595511074,49,5,44,'2020-07-22 00:00:00',3),(1595511373,70,48,22,'2020-07-06 00:00:00',15),(1595511399,45,8,37,'2020-07-07 00:00:00',17),(1595511429,53,2,51,'2020-07-08 00:00:00',11),(1595511479,31,0,31,'2020-07-09 00:00:00',32),(1595511503,45,0,45,'2020-07-10 00:00:00',32),(1595511549,20,1,19,'2020-07-13 00:00:00',32),(1595511567,63,0,63,'2020-07-15 00:00:00',32),(1595511585,13,0,13,'2020-07-17 00:00:00',32),(1595511606,58,2,56,'2020-07-20 00:00:00',32),(1595511627,35,0,35,'2020-07-21 00:00:00',32),(1595511660,43,1,42,'2020-07-22 00:00:00',11),(1595511852,31,4,27,'2020-07-03 00:00:00',37),(1595511881,34,6,28,'2020-07-06 00:00:00',37),(1595511999,46,24,22,'2020-07-07 00:00:00',23),(1595512020,31,7,24,'2020-07-09 00:00:00',37),(1595512072,45,0,45,'2020-07-10 00:00:00',34),(1595512147,25,0,25,'2020-07-13 00:00:00',29),(1595512178,41,2,39,'2020-07-14 00:00:00',25),(1595512195,46,21,25,'2020-07-15 00:00:00',18),(1595512218,62,22,40,'2020-07-20 00:00:00',2),(1595512827,55,13,42,'2020-07-22 00:00:00',28),(1595512965,56,50,6,'2020-07-17 00:00:00',1595461985),(1595513281,55,30,25,'2020-07-22 00:00:00',16),(1595513336,55,16,39,'2020-07-22 00:00:00',1),(1595515428,35,5,30,'2020-07-23 10:43:48',5),(1595518331,38,16,22,'2020-07-21 11:32:11',22),(1595518395,55,32,23,'2020-07-22 11:33:15',3),(1595532706,119,0,119,'2020-07-23 15:31:46',25),(1595539916,51,0,51,'2020-07-23 17:31:56',17),(1595542371,51,2,49,'2020-07-23 18:12:51',30),(1595542471,50,0,50,'2020-07-23 18:14:31',40),(1595548237,32,0,32,'2020-07-23 19:50:37',23),(1595548774,71,15,56,'2020-07-23 19:59:34',38),(1595549590,38,5,33,'2020-07-23 20:13:10',37),(1595549751,24,12,12,'2020-07-23 20:15:51',37),(1595549818,39,4,35,'2020-07-02 00:00:00',5),(1595549822,55,4,51,'2020-07-23 20:17:02',37),(1595549842,48,0,48,'2020-07-03 00:00:00',5),(1595549868,40,11,29,'2020-07-04 00:00:00',1),(1595549896,68,0,68,'2020-07-07 00:00:00',5),(1595549923,57,0,57,'2020-07-08 00:00:00',5),(1595549927,80,35,45,'2020-07-23 20:18:47',37),(1595549943,58,0,58,'2020-07-09 00:00:00',5),(1595549967,77,1,76,'2020-07-10 00:00:00',5),(1595549996,53,4,49,'2020-07-23 20:19:56',37),(1595549997,51,1,50,'2020-07-13 00:00:00',5),(1595550006,27,4,23,'2020-07-23 20:20:06',37),(1595550019,70,7,63,'2020-07-15 00:00:00',5),(1595550036,45,31,14,'2020-07-23 20:20:36',37),(1595550047,52,0,52,'2020-07-17 00:00:00',5),(1595550069,61,0,61,'2020-07-20 00:00:00',5),(1595550202,61,2,59,'2020-07-06 00:00:00',5),(1595550372,62,0,62,'2020-07-23 00:00:00',1595346064),(1595550440,65,2,63,'2020-07-23 20:27:20',37),(1595550467,36,0,36,'2020-07-23 00:00:00',11),(1595550593,31,0,31,'2020-07-23 00:00:00',29),(1595550670,48,0,48,'2020-07-23 20:31:10',2),(1595550879,46,24,22,'2020-07-02 00:00:00',1),(1595550902,41,17,24,'2020-07-03 00:00:00',1),(1595550921,39,2,37,'2020-07-04 00:00:00',1),(1595550939,50,3,47,'2020-07-06 00:00:00',1),(1595550983,35,6,29,'2020-07-07 00:00:00',1),(1595552610,54,2,52,'2020-07-23 21:03:30',31),(1595552629,24,2,22,'2020-07-23 21:03:49',33),(1595553716,48,1,47,'2020-07-23 21:21:56',38),(1595554480,79,1,78,'2020-07-23 21:34:40',1595346684),(1595557446,55,22,33,'2020-07-23 22:24:06',38),(1595557501,40,4,36,'2020-07-23 22:25:01',23),(1595559994,41,7,34,'2020-07-23 23:06:34',33),(1595560678,53,12,41,'2020-07-23 23:17:58',17),(1595560889,88,1,87,'2020-07-23 23:21:29',33),(1595596192,18,4,14,'2020-07-24 09:09:52',34),(1595598406,65,34,31,'2020-07-07 00:00:00',15),(1595598431,65,43,22,'2020-07-08 00:00:00',1),(1595598483,61,39,22,'2020-07-10 00:00:00',1),(1595599273,67,2,65,'2020-07-09 00:00:00',1),(1595599344,48,0,48,'2020-07-08 00:00:00',1),(1595599391,38,4,34,'2020-07-07 00:00:00',1),(1595599842,36,4,32,'2020-07-03 00:00:00',1),(1595599865,64,6,58,'2020-07-07 00:00:00',1),(1595599883,51,2,49,'2020-07-08 00:00:00',1),(1595599896,46,1,45,'2020-07-09 00:00:00',1),(1595599913,53,11,42,'2020-07-10 00:00:00',1),(1595599928,55,2,53,'2020-07-14 00:00:00',1),(1595599947,57,1,56,'2020-07-15 00:00:00',1),(1595599963,54,1,53,'2020-07-20 00:00:00',1),(1595601289,50,15,35,'2020-07-02 00:00:00',1),(1595601311,48,36,12,'2020-07-03 00:00:00',1),(1595601336,65,64,1,'2020-07-04 00:00:00',1),(1595601356,60,6,54,'2020-07-06 00:00:00',1),(1595601373,75,30,45,'2020-07-07 00:00:00',1),(1595601392,57,7,50,'2020-07-08 00:00:00',1),(1595601414,46,5,41,'2020-07-09 00:00:00',1),(1595601438,38,8,30,'2020-07-13 00:00:00',1),(1595601458,37,4,33,'2020-07-14 00:00:00',1),(1595601475,52,4,48,'2020-07-15 00:00:00',1),(1595601494,38,6,32,'2020-07-20 00:00:00',1),(1595601648,40,7,33,'2020-07-03 00:00:00',1),(1595601667,30,10,20,'2020-07-06 00:00:00',1),(1595601685,35,5,30,'2020-07-07 00:00:00',1),(1595601701,35,0,35,'2020-07-08 00:00:00',1),(1595601716,33,2,31,'2020-07-09 00:00:00',1),(1595601734,21,0,21,'2020-07-10 00:00:00',1),(1595601755,38,0,38,'2020-07-14 00:00:00',1),(1595601768,48,0,48,'2020-07-15 00:00:00',1),(1595601787,22,2,20,'2020-07-17 00:00:00',1),(1595601914,25,7,18,'2020-07-03 00:00:00',1),(1595601931,30,20,10,'2020-07-04 00:00:00',1),(1595602491,29,11,18,'2020-07-13 00:00:00',1),(1595602506,43,10,33,'2020-07-15 00:00:00',1),(1595602520,46,1,45,'2020-07-17 00:00:00',1),(1595602534,55,22,33,'2020-07-18 00:00:00',1),(1595602978,51,7,44,'2020-07-06 00:00:00',1),(1595603105,40,7,33,'2020-07-02 00:00:00',1),(1595603493,69,0,69,'2020-07-01 00:00:00',1),(1595603510,100,1,99,'2020-07-02 00:00:00',1),(1595603964,116,116,0,'2020-07-02 00:00:00',1),(1595603978,64,7,57,'2020-07-09 00:00:00',1),(1595603990,55,2,53,'2020-07-14 00:00:00',1),(1595604099,40,2,38,'2020-07-01 00:00:00',1),(1595604114,50,4,46,'2020-07-02 00:00:00',1),(1595604129,41,5,36,'2020-07-03 00:00:00',1),(1595604149,46,3,43,'2020-07-08 00:00:00',1),(1595604167,40,0,40,'2020-07-09 00:00:00',1),(1595604183,36,0,36,'2020-07-10 00:00:00',1),(1595604199,36,0,36,'2020-07-11 00:00:00',1),(1595604213,28,0,28,'2020-07-15 00:00:00',1),(1595604234,15,0,15,'2020-07-17 00:00:00',1),(1595604406,56,23,33,'2020-07-02 00:00:00',1),(1595604422,66,31,35,'2020-07-04 00:00:00',1),(1595604436,53,26,27,'2020-07-06 00:00:00',1),(1595604449,73,24,49,'2020-07-09 00:00:00',1),(1595604466,43,22,21,'2020-07-10 00:00:00',1),(1595604484,40,7,33,'2020-07-13 00:00:00',1),(1595604503,64,23,41,'2020-07-14 00:00:00',1),(1595604517,62,13,49,'2020-07-15 00:00:00',1),(1595604538,36,15,21,'2020-07-18 00:00:00',1),(1595604813,43,1,42,'2020-07-01 00:00:00',1),(1595604828,25,1,24,'2020-07-02 00:00:00',1),(1595605106,18,2,16,'2020-07-09 00:00:00',1),(1595605204,67,12,55,'2020-07-08 00:00:00',1),(1595605315,37,23,14,'2020-07-02 00:00:00',1),(1595605331,18,7,11,'2020-07-03 00:00:00',1),(1595605345,15,0,15,'2020-07-07 00:00:00',1),(1595605361,3,2,1,'2020-07-09 00:00:00',1),(1595605478,85,7,78,'2020-07-02 00:00:00',1),(1595605494,28,4,24,'2020-07-04 00:00:00',1),(1595605764,66,2,64,'2020-07-02 00:00:00',1),(1595605779,26,15,11,'2020-07-03 00:00:00',1),(1595605794,49,0,49,'2020-07-06 00:00:00',1),(1595605809,58,4,54,'2020-07-07 00:00:00',1),(1595605833,59,21,38,'2020-07-08 00:00:00',1),(1595605847,20,9,11,'2020-07-10 00:00:00',1),(1595605858,34,33,1,'2020-07-15 00:00:00',1),(1595608632,53,0,53,'2020-07-24 12:37:12',37),(1595623067,80,36,44,'2020-07-01 00:00:00',1),(1595623084,53,4,49,'2020-07-02 00:00:00',1),(1595623232,25,0,25,'2020-07-24 16:40:32',9),(1595623731,40,2,38,'2020-07-02 00:00:00',1),(1595623779,28,28,0,'2020-07-06 00:00:00',1),(1595623925,62,1,61,'2020-07-02 00:00:00',1),(1595623943,52,3,49,'2020-07-04 00:00:00',1),(1595624704,27,3,24,'2020-07-24 17:05:04',38),(1595624895,85,15,70,'2020-07-08 00:00:00',1),(1595624915,41,23,18,'2020-07-10 00:00:00',1),(1595624930,55,36,19,'2020-07-15 00:00:00',1),(1595625471,64,32,32,'2020-07-04 00:00:00',1),(1595625491,30,0,30,'2020-07-20 00:00:00',13),(1595625671,18,3,15,'2020-07-24 17:21:11',3),(1595625841,49,4,45,'2020-07-03 00:00:00',1),(1595625866,76,12,64,'2020-07-10 00:00:00',1),(1595625997,46,1,45,'2020-07-01 00:00:00',1),(1595626010,36,0,36,'2020-07-02 00:00:00',1),(1595626025,39,0,39,'2020-07-03 00:00:00',1),(1595626040,44,3,41,'2020-07-04 00:00:00',1),(1595626053,40,4,36,'2020-07-07 00:00:00',1),(1595626067,38,6,32,'2020-07-08 00:00:00',1),(1595626080,25,9,16,'2020-07-09 00:00:00',1),(1595626096,32,6,26,'2020-07-10 00:00:00',1),(1595627737,27,0,27,'2020-07-24 17:55:37',38),(1595628776,44,0,44,'2020-07-24 18:12:56',31),(1595628933,63,8,55,'2020-07-24 18:15:33',38),(1595629566,42,2,40,'2020-07-24 18:26:06',1595346684),(1595630874,37,4,33,'2020-07-24 18:47:54',1),(1595631834,41,9,32,'2020-07-24 19:03:54',2),(1595632172,62,4,58,'2020-07-24 19:09:32',33),(1595632207,48,0,48,'2020-07-24 19:10:07',20),(1595633490,27,2,25,'2020-07-24 19:31:30',33),(1595633974,55,44,11,'2020-07-24 19:39:34',15),(1595634109,33,0,33,'2020-07-24 19:41:49',40),(1595634219,35,0,35,'2020-07-24 19:43:39',5),(1595637189,59,1,58,'2020-07-24 20:33:09',2),(1595639069,29,3,26,'2020-07-24 21:04:29',2),(1595639466,25,2,23,'2020-07-24 21:11:06',33),(1595641481,24,5,19,'2020-07-06 00:00:00',1),(1595641549,20,4,16,'2020-07-14 00:00:00',1),(1595641563,31,4,27,'2020-07-20 00:00:00',1),(1595641760,36,15,21,'2020-07-13 00:00:00',1),(1595641774,60,19,41,'2020-07-14 00:00:00',1),(1595641786,53,5,48,'2020-07-15 00:00:00',1),(1595641801,28,18,10,'2020-07-17 00:00:00',1),(1595641902,21,2,19,'2020-07-01 00:00:00',1),(1595641920,33,33,0,'2020-07-02 00:00:00',1),(1595641981,33,33,0,'2020-07-03 00:00:00',1),(1595641997,21,21,0,'2020-07-04 00:00:00',1),(1595642011,35,35,0,'2020-07-07 00:00:00',1),(1595642024,20,20,0,'2020-07-08 00:00:00',1),(1595642043,25,2,23,'2020-07-09 00:00:00',1),(1595642065,44,8,36,'2020-07-10 00:00:00',1),(1595642081,23,3,20,'2020-07-13 00:00:00',1),(1595642098,38,1,37,'2020-07-14 00:00:00',1),(1595642109,43,0,43,'2020-07-15 00:00:00',1),(1595642135,19,4,15,'2020-07-17 00:00:00',1),(1595642151,29,3,26,'2020-07-20 00:00:00',1),(1595642291,41,4,37,'2020-07-01 00:00:00',1),(1595642306,45,0,45,'2020-07-02 00:00:00',1),(1595642662,32,26,6,'2020-07-02 00:00:00',1),(1595642678,2,2,0,'2020-07-03 00:00:00',1),(1595642694,41,3,38,'2020-07-06 00:00:00',1),(1595642713,45,4,41,'2020-07-07 00:00:00',1),(1595642728,55,21,34,'2020-07-09 00:00:00',1),(1595642743,29,8,21,'2020-07-13 00:00:00',1),(1595642758,61,0,61,'2020-07-20 00:00:00',1),(1595642904,27,3,24,'2020-07-24 22:08:24',31),(1595643092,43,3,40,'2020-07-13 00:00:00',1),(1595643121,64,5,59,'2020-07-20 00:00:00',1),(1595643901,31,4,27,'2020-07-02 00:00:00',1),(1595643914,42,27,15,'2020-07-03 00:00:00',1),(1595643927,55,52,3,'2020-07-04 00:00:00',1),(1595681295,87,31,56,'2020-07-15 00:00:00',1),(1595681916,37,9,28,'2020-07-08 00:00:00',1),(1595682319,46,7,39,'2020-07-03 00:00:00',1),(1595682662,55,55,0,'2020-07-11 00:00:00',1),(1595682877,41,11,30,'2020-07-02 00:00:00',1),(1595682893,37,17,20,'2020-07-03 00:00:00',1),(1595682910,22,13,9,'2020-07-04 00:00:00',1),(1595683046,75,67,8,'2020-07-14 00:00:00',1),(1595683061,38,20,18,'2020-07-15 00:00:00',1),(1595683081,33,10,23,'2020-07-17 00:00:00',1),(1595683099,32,21,11,'2020-07-18 00:00:00',1),(1595683118,50,16,34,'2020-07-20 00:00:00',1),(1595683662,23,2,21,'2020-07-01 00:00:00',1),(1595683674,44,3,41,'2020-07-02 00:00:00',1),(1595683688,28,0,28,'2020-07-03 00:00:00',1),(1595683702,44,8,36,'2020-07-04 00:00:00',1),(1595683717,55,0,55,'2020-07-06 00:00:00',1),(1595683731,84,0,84,'2020-07-07 00:00:00',1),(1595683749,77,0,77,'2020-07-08 00:00:00',1),(1595683759,60,0,60,'2020-07-09 00:00:00',1),(1595683776,163,14,149,'2020-07-14 00:00:00',1),(1595683787,46,0,46,'2020-07-15 00:00:00',1),(1595683960,32,0,32,'2020-07-02 00:00:00',1),(1595683972,51,29,22,'2020-07-06 00:00:00',1),(1595683984,69,5,64,'2020-07-07 00:00:00',1),(1595684187,52,10,42,'2020-07-02 00:00:00',1),(1595684200,61,3,58,'2020-07-03 00:00:00',1),(1595684215,35,4,31,'2020-07-06 00:00:00',1),(1595684229,45,7,38,'2020-07-09 00:00:00',1),(1595684257,53,15,38,'2020-07-10 00:00:00',1),(1595684271,24,4,20,'2020-07-15 00:00:00',1),(1595684282,33,0,33,'2020-07-20 00:00:00',1),(1595684487,23,4,19,'2020-07-25 09:41:27',29),(1595685059,47,3,44,'2020-07-14 00:00:00',1),(1595685076,42,0,42,'2020-07-15 00:00:00',1),(1595685091,21,0,21,'2020-07-17 00:00:00',1),(1595685116,37,5,32,'2020-07-20 00:00:00',1),(1595685441,58,3,55,'2020-07-06 00:00:00',1),(1595685469,69,4,65,'2020-07-07 00:00:00',1),(1595686345,55,5,50,'2020-07-02 00:00:00',1),(1595686357,32,0,32,'2020-07-04 00:00:00',1),(1595686529,56,30,26,'2020-07-01 00:00:00',1),(1595686545,52,21,31,'2020-07-02 00:00:00',1),(1595686559,33,4,29,'2020-07-03 00:00:00',1),(1595686576,36,8,28,'2020-07-06 00:00:00',1),(1595686591,69,24,45,'2020-07-07 00:00:00',1),(1595686610,94,36,58,'2020-07-08 00:00:00',1),(1595686627,52,3,49,'2020-07-09 00:00:00',1),(1595686646,44,6,38,'2020-07-10 00:00:00',1),(1595686664,43,1,42,'2020-07-14 00:00:00',1),(1595686681,48,6,42,'2020-07-15 00:00:00',1),(1595686704,41,5,36,'2020-07-18 00:00:00',1),(1595686718,52,10,42,'2020-07-20 00:00:00',1),(1595687756,53,9,44,'2020-07-25 10:35:56',37),(1595688588,130,2,128,'2020-07-25 10:49:48',37),(1595689181,39,24,15,'2020-07-01 00:00:00',1),(1595689192,38,11,27,'2020-07-02 00:00:00',1),(1595689204,40,24,16,'2020-07-03 00:00:00',1),(1595689218,35,3,32,'2020-07-04 00:00:00',1),(1595689234,50,34,16,'2020-07-06 00:00:00',1),(1595689258,45,34,11,'2020-07-07 00:00:00',1),(1595689274,40,6,34,'2020-07-08 00:00:00',1),(1595689291,55,19,36,'2020-07-09 00:00:00',1),(1595689298,35,0,35,'2020-07-25 11:01:38',1593758827),(1595689312,56,34,22,'2020-07-10 00:00:00',1),(1595689334,60,18,42,'2020-07-11 00:00:00',1),(1595689351,68,44,24,'2020-07-13 00:00:00',1),(1595689370,55,33,22,'2020-07-14 00:00:00',1),(1595689388,42,2,40,'2020-07-15 00:00:00',1),(1595689407,44,6,38,'2020-07-17 00:00:00',1),(1595689425,55,20,35,'2020-07-18 00:00:00',1),(1595689441,56,44,12,'2020-07-20 00:00:00',1),(1595689579,56,5,51,'2020-07-02 00:00:00',1),(1595689589,57,8,49,'2020-07-03 00:00:00',1),(1595689898,40,22,18,'2020-07-02 00:00:00',1),(1595689908,43,2,41,'2020-07-03 00:00:00',1),(1595689918,51,1,50,'2020-07-06 00:00:00',1),(1595689928,45,4,41,'2020-07-07 00:00:00',1),(1595689942,26,2,24,'2020-07-08 00:00:00',1),(1595689955,48,0,48,'2020-07-10 00:00:00',1),(1595689966,30,2,28,'2020-07-15 00:00:00',1),(1595690342,57,24,33,'2020-07-03 00:00:00',1),(1595690756,35,13,22,'2020-07-02 00:00:00',1),(1595690767,52,12,40,'2020-07-03 00:00:00',1),(1595690780,62,12,50,'2020-07-06 00:00:00',1),(1595690798,11,0,11,'2020-07-07 00:00:00',1),(1595690815,57,2,55,'2020-07-08 00:00:00',1),(1595690823,41,0,41,'2020-07-09 00:00:00',1),(1595691587,20,0,20,'2020-07-17 00:00:00',1),(1595691742,51,44,7,'2020-07-06 00:00:00',1),(1595692542,37,18,19,'2020-07-08 00:00:00',1),(1595692625,94,85,9,'2020-07-06 00:00:00',1),(1595692800,80,29,51,'2020-07-03 00:00:00',1),(1595692812,50,35,15,'2020-07-04 00:00:00',1),(1595692823,51,32,19,'2020-07-09 00:00:00',1),(1595692838,24,3,21,'2020-07-10 00:00:00',1),(1595692852,55,37,18,'2020-07-14 00:00:00',1),(1595692874,52,20,32,'2020-07-17 00:00:00',1),(1595692890,63,40,23,'2020-07-20 00:00:00',1),(1595692972,51,23,28,'2020-07-09 00:00:00',1),(1595693421,3,0,3,'2020-07-14 00:00:00',1),(1595693434,47,26,21,'2020-07-15 00:00:00',1),(1595693448,9,1,8,'2020-07-17 00:00:00',1),(1595693465,53,4,49,'2020-07-18 00:00:00',1),(1595693627,23,0,23,'2020-07-20 00:00:00',1),(1595693943,60,42,18,'2020-07-09 00:00:00',1),(1595693954,45,24,21,'2020-07-10 00:00:00',1),(1595694056,50,18,32,'2020-07-09 00:00:00',1),(1595694070,25,3,22,'2020-07-10 00:00:00',1),(1595694082,26,15,11,'2020-07-13 00:00:00',1),(1595694190,41,20,21,'2020-07-09 00:00:00',1),(1595694202,55,39,16,'2020-07-10 00:00:00',1),(1595694219,43,19,24,'2020-07-13 00:00:00',1),(1595694232,55,34,21,'2020-07-14 00:00:00',1),(1595694250,39,23,16,'2020-07-15 00:00:00',1),(1595694267,27,8,19,'2020-07-20 00:00:00',1),(1595699961,40,16,24,'2020-07-09 00:00:00',1),(1595699975,51,19,32,'2020-07-10 00:00:00',1),(1595699992,55,37,18,'2020-07-13 00:00:00',1),(1595700004,48,17,31,'2020-07-14 00:00:00',1),(1595700407,18,0,18,'2020-07-02 00:00:00',1),(1595700417,42,0,42,'2020-07-06 00:00:00',1),(1595703765,26,3,23,'2020-07-02 00:00:00',1),(1595703775,31,24,7,'2020-07-03 00:00:00',1),(1595703793,55,54,1,'2020-07-04 00:00:00',1),(1595708945,52,7,45,'2020-07-25 16:29:05',38),(1595710041,67,0,67,'2020-07-25 16:47:21',1595346684),(1595711852,60,0,60,'2020-07-25 17:17:32',33),(1595714812,41,7,34,'2020-07-25 18:06:52',38),(1595716798,71,17,54,'2020-07-25 18:39:58',23),(1595718023,56,5,51,'2020-07-25 19:00:23',13),(1595719160,32,4,28,'2020-07-25 19:19:20',34),(1595725144,64,14,50,'2020-07-25 20:59:04',19),(1595734192,95,30,65,'2020-07-25 23:29:52',17),(1595874902,15,0,15,'2020-07-27 14:35:02',37),(1595875484,19,0,19,'2020-07-27 14:44:44',37),(1595876391,17,1,16,'2020-07-27 14:59:51',29),(1595885450,41,0,41,'2020-07-27 17:30:50',33),(1595885824,16,0,16,'2020-07-27 17:37:04',33),(1595888736,52,24,28,'2020-07-27 18:25:36',1),(1595890682,47,1,46,'2020-07-27 18:58:02',38),(1595890776,51,1,50,'2020-07-27 18:59:36',1),(1595891215,27,2,25,'2020-07-27 19:06:55',5),(1595893347,30,8,22,'2020-07-27 19:42:27',2),(1595893982,18,1,17,'2020-07-27 19:53:02',1593758827),(1595905773,17,6,11,'2020-07-27 23:09:33',3),(1595908724,34,0,34,'2020-07-27 23:58:44',30),(1595910639,50,11,39,'2020-07-28 00:30:39',35),(1595938487,45,7,38,'2020-07-27 08:14:47',1),(1595947758,26,10,16,'2020-07-28 10:49:18',38),(1595958466,74,0,74,'2020-07-28 13:47:46',37),(1595968826,49,2,47,'2020-07-28 16:40:26',30),(1595971670,36,0,36,'2020-07-28 17:27:50',37),(1595972306,59,7,52,'2020-07-28 17:38:26',38),(1595973741,43,1,42,'2020-07-28 18:02:21',19),(1595976439,71,0,71,'2020-07-28 18:47:19',13),(1595977045,51,0,51,'2020-07-28 18:57:25',9),(1595977059,40,0,40,'2020-07-28 18:57:39',3),(1595977840,34,0,34,'2020-07-28 19:10:40',12),(1595978396,81,1,80,'2020-07-28 19:19:56',17),(1595982370,71,0,71,'2020-07-28 20:26:10',5),(1595983905,69,0,69,'2020-07-28 20:51:45',5),(1595984954,67,1,66,'2020-07-28 21:09:14',1593758827),(1595986210,74,17,57,'2020-07-28 21:30:10',38),(1595986239,74,0,74,'2020-07-28 21:30:39',1595346684),(1595986785,63,7,56,'2020-07-28 21:39:45',2),(1595987872,64,3,61,'2020-07-28 21:57:52',27),(1595988129,46,3,43,'2020-07-28 22:02:09',3),(1595988568,88,0,88,'2020-07-28 22:09:28',1),(1595992949,62,17,45,'2020-07-28 23:22:29',23),(1595993092,111,24,87,'2020-07-28 23:24:52',38),(1595996425,58,8,50,'2020-07-29 00:20:25',17),(1596042139,68,20,48,'2020-07-28 00:00:00',9),(1596042802,56,0,56,'2020-07-25 00:00:00',1),(1596042835,65,2,63,'2020-07-28 00:00:00',1),(1596042888,50,6,44,'2020-07-27 00:00:00',1),(1596043146,18,2,16,'2020-07-24 00:00:00',11),(1596043186,108,8,100,'2020-07-28 00:00:00',11),(1596043321,40,24,16,'2020-07-23 00:00:00',15),(1596043366,60,34,26,'2020-07-24 00:00:00',15),(1596043412,35,11,24,'2020-07-25 00:00:00',15),(1596043474,47,0,47,'2020-07-28 00:00:00',34),(1596051553,30,10,20,'2020-07-29 15:39:13',1),(1596051858,77,0,77,'2020-07-29 00:00:00',1),(1596053178,32,0,32,'2020-07-29 16:06:18',3),(1596054226,27,1,26,'2020-07-23 00:00:00',40),(1596054258,55,24,31,'2020-07-24 00:00:00',15),(1596054292,26,1,25,'2020-07-27 00:00:00',40),(1596055323,39,1,38,'2020-07-27 00:00:00',1),(1596055410,38,2,36,'2020-07-23 00:00:00',1),(1596055515,43,10,33,'2020-07-21 00:00:00',1),(1596055539,55,31,24,'2020-07-23 00:00:00',1),(1596055809,25,6,19,'2020-07-24 00:00:00',17),(1596057030,55,40,15,'2020-07-23 00:00:00',1),(1596057100,58,58,0,'2020-07-24 00:00:00',1),(1596057121,50,50,0,'2020-07-25 00:00:00',1),(1596058034,45,0,45,'2020-07-29 17:27:14',1595346684),(1596060166,64,1,63,'2020-07-29 18:02:46',5),(1596060500,45,1,44,'2020-07-29 18:08:20',38),(1596060874,66,2,64,'2020-07-29 18:14:34',2),(1596062392,70,8,62,'2020-07-29 18:39:52',38),(1596064115,90,1,89,'2020-07-29 19:08:35',37),(1596065797,52,7,45,'2020-07-29 19:36:37',33),(1596067261,44,0,44,'2020-07-29 20:01:01',20),(1596067904,61,11,50,'2020-07-29 20:11:44',38),(1596068054,65,4,61,'2020-07-29 20:14:14',38),(1596068117,46,6,40,'2020-07-29 20:15:17',37),(1596068903,41,3,38,'2020-07-29 20:28:23',23),(1596069092,57,2,55,'2020-07-29 20:31:32',17),(1596069776,75,2,73,'2020-07-29 20:42:56',1),(1596071314,72,4,68,'2020-07-29 21:08:34',37),(1596072783,45,0,45,'2020-07-29 00:00:00',30),(1596072807,33,0,33,'2020-07-29 00:00:00',1),(1596072971,59,10,49,'2020-07-29 00:00:00',34),(1596073023,47,0,47,'2020-07-29 00:00:00',9),(1596073064,43,0,43,'2020-07-29 00:00:00',2),(1596073126,49,0,49,'2020-07-29 00:00:00',13),(1596073215,60,0,60,'2020-07-29 00:00:00',3),(1596073250,57,1,56,'2020-07-29 00:00:00',34),(1596073790,79,0,79,'2020-07-29 00:00:00',1),(1596074130,43,1,42,'2020-07-28 00:00:00',3),(1596074153,62,1,61,'2020-07-29 00:00:00',1),(1596074414,98,83,15,'2020-07-24 00:00:00',15),(1596074445,55,24,31,'2020-07-25 00:00:00',15),(1596076819,65,2,63,'2020-07-29 22:40:19',1593758827),(1596078100,46,5,41,'2020-07-29 23:01:40',31),(1596079587,57,0,57,'2020-07-29 00:00:00',18),(1596079625,37,2,35,'2020-07-29 00:00:00',40),(1596115790,57,5,52,'2020-07-29 09:29:50',12),(1596123843,36,0,36,'2020-07-30 00:00:00',1595346684),(1596124054,29,7,22,'2020-07-30 00:00:00',37),(1596130257,41,3,38,'2020-07-07 00:00:00',34),(1596130285,44,6,38,'2020-07-08 00:00:00',34),(1596135482,34,0,34,'2020-07-30 14:58:02',38),(1596136028,44,0,44,'2020-07-30 15:07:08',37),(1596137997,37,0,37,'2020-07-30 15:39:57',29),(1596139860,34,0,34,'2020-07-30 16:11:00',1595346064),(1596144807,20,2,18,'2020-07-30 17:33:27',37),(1596149393,50,0,50,'2020-07-30 18:49:53',37),(1596150072,39,2,37,'2020-07-30 19:01:12',3),(1596151155,63,17,46,'2020-07-30 19:19:15',29),(1596152976,42,0,42,'2020-07-30 19:49:36',34),(1596155048,82,12,70,'2020-07-30 20:24:08',1),(1596155180,66,0,66,'2020-07-30 20:26:20',2),(1596160267,33,0,33,'2020-07-30 21:51:07',3),(1596160399,70,4,66,'2020-07-30 21:53:19',30),(1596161416,25,3,22,'2020-07-30 22:10:16',33),(1596163980,39,1,38,'2020-07-30 00:00:00',34),(1596164719,42,2,40,'2020-07-30 23:05:19',9),(1596165405,55,21,34,'2020-07-30 23:16:45',31),(1596209005,38,0,38,'2020-07-31 11:23:25',20),(1596217063,75,2,73,'2020-07-30 13:37:43',33),(1596222108,33,4,29,'2020-07-31 15:01:48',34),(1596222280,47,47,0,'2020-07-31 15:04:40',34),(1596223383,45,0,45,'2020-07-31 15:23:03',17),(1596224817,47,0,47,'2020-07-31 15:46:57',13),(1596226912,20,0,20,'2020-07-31 16:21:52',19),(1596227875,36,0,36,'2020-07-31 16:37:55',1595346684),(1596229676,33,0,33,'2020-07-31 17:07:56',29),(1596233876,41,4,37,'2020-07-31 18:17:56',38),(1596235336,22,0,22,'2020-07-31 18:42:16',3),(1596236978,66,5,61,'2020-07-31 00:00:00',17),(1596237906,51,0,51,'2020-07-31 19:25:06',12),(1596238066,31,0,31,'2020-07-31 19:27:46',24),(1596239031,40,3,37,'2020-07-31 19:43:51',2),(1596240630,64,0,64,'2020-07-31 20:10:30',3),(1596243567,38,4,34,'2020-07-31 20:59:27',38),(1596243607,56,8,48,'2020-07-31 21:00:07',35),(1596245425,89,5,84,'2020-07-31 21:30:25',9),(1596247601,70,19,51,'2020-07-31 22:06:41',29),(1596248679,36,0,36,'2020-07-31 22:24:39',1594207992),(1596299617,116,0,116,'2020-08-01 12:33:37',37),(1596311106,55,0,55,'2020-08-01 15:45:06',1),(1596311279,54,5,49,'2020-08-01 15:47:59',38),(1596318264,74,1,73,'2020-08-01 17:44:24',33),(1596468859,47,30,17,'2020-08-03 11:34:19',37),(1596481646,45,0,45,'2020-07-30 00:00:00',11),(1596481673,35,1,34,'2020-07-31 00:00:00',11),(1596488644,34,3,31,'2020-08-03 17:04:04',1),(1596494292,42,2,40,'2020-08-03 18:38:12',5),(1596494588,45,3,42,'2020-08-03 18:43:08',32),(1596496287,39,2,37,'2020-08-03 19:11:27',5),(1596507002,55,7,48,'2020-08-03 22:10:02',7),(1596549195,52,0,52,'2020-08-01 09:53:15',1),(1596560792,38,2,36,'2020-08-03 13:06:32',12),(1596560819,65,4,61,'2020-08-04 13:06:59',1),(1596566384,46,2,44,'2020-08-04 14:39:44',2),(1596575838,55,1,54,'2020-08-04 17:17:18',3),(1596576656,43,0,43,'2020-08-04 00:00:00',17),(1596577207,47,0,47,'2020-08-04 17:40:07',21),(1596577327,42,6,36,'2020-08-03 17:42:07',33),(1596577413,68,2,66,'2020-08-04 17:43:33',33),(1596578278,63,4,59,'2020-08-04 17:57:58',38),(1596579024,48,0,48,'2020-08-04 18:10:24',17),(1596579142,72,1,71,'2020-08-04 18:12:22',5),(1596580591,60,1,59,'2020-08-04 18:36:31',38),(1596582167,49,0,49,'2020-08-04 19:02:47',37),(1596585997,76,0,76,'2020-08-04 20:06:37',37),(1596586207,90,5,85,'2020-08-04 20:10:07',12),(1596586265,30,0,30,'2020-08-04 20:11:05',24),(1596587730,56,0,56,'2020-08-04 20:35:30',1594207992),(1596587834,61,6,55,'2020-08-04 20:37:14',37),(1596590709,97,0,97,'2020-08-04 21:25:09',3),(1596591617,68,28,40,'2020-08-04 21:40:17',33),(1596591718,46,25,21,'2020-07-22 00:00:00',1595345881),(1596591743,55,3,52,'2020-07-23 00:00:00',1595345881),(1596591956,48,10,38,'2020-07-24 00:00:00',1596591839),(1596591984,40,22,18,'2020-07-27 00:00:00',1596591839),(1596592009,44,9,35,'2020-07-28 00:00:00',20),(1596592036,50,4,46,'2020-07-30 00:00:00',2),(1596592059,48,3,45,'2020-07-31 00:00:00',2),(1596592103,39,4,35,'2020-08-01 00:00:00',33),(1596592174,51,33,18,'2020-08-03 00:00:00',15),(1596593253,60,6,54,'2020-08-04 22:07:33',25),(1596593423,43,2,41,'2020-08-04 22:10:23',3),(1596598440,46,9,37,'2020-08-04 23:34:00',17),(1596641367,47,1,46,'2020-07-31 00:00:00',37),(1596657958,47,0,47,'2020-08-05 16:05:58',12),(1596662091,52,5,47,'2020-08-05 17:14:51',38),(1596662701,43,0,43,'2020-08-05 17:25:01',21),(1596663183,41,1,40,'2020-08-05 17:33:03',37),(1596664966,46,2,44,'2020-08-05 18:02:46',24),(1596665650,76,0,76,'2020-08-05 18:14:10',33),(1596666199,70,3,67,'2020-08-05 18:23:19',29),(1596669819,42,0,42,'2020-08-05 19:23:39',23),(1596671529,102,15,87,'2020-08-05 19:52:09',37),(1596672019,39,0,39,'2020-08-05 20:00:19',17),(1596672550,56,18,38,'2020-08-05 20:09:10',34),(1596673636,55,4,51,'2020-08-05 20:27:16',38),(1596676119,40,1,39,'2020-08-05 21:08:39',27),(1596680776,82,9,73,'2020-08-05 22:26:16',30),(1596681616,57,0,57,'2020-08-05 22:40:16',34),(1596684506,88,40,48,'2020-08-05 23:28:26',18),(1596722684,62,0,62,'2020-08-05 10:04:44',1),(1596727741,37,3,34,'2020-08-06 11:29:01',37),(1596728210,55,6,49,'2020-08-06 11:36:50',33),(1596731509,81,30,51,'2020-08-04 00:00:00',40),(1596731549,63,0,63,'2020-08-05 00:00:00',40),(1596731784,38,38,0,'2020-08-06 12:36:24',34),(1596740840,35,35,0,'2020-08-06 15:07:20',1595345881),(1596744172,59,1,58,'2020-08-06 16:02:52',17),(1596746468,45,3,42,'2020-08-06 16:41:08',38),(1596747240,35,0,35,'2020-08-06 16:54:00',1594207992),(1596748729,61,0,61,'2020-08-06 17:18:49',33),(1596749191,31,5,26,'2020-08-06 17:26:31',38),(1596751358,75,0,75,'2020-08-05 00:00:00',5),(1596751402,37,0,37,'2020-08-06 00:00:00',17),(1596751458,55,1,54,'2020-08-05 00:00:00',2),(1596751483,32,0,32,'2020-07-31 00:00:00',2),(1596752710,78,2,76,'2020-08-06 18:25:10',5),(1596752940,45,0,45,'2020-08-06 18:29:00',23),(1596753164,44,0,44,'2020-08-06 18:32:44',33),(1596754392,43,3,40,'2020-08-05 00:00:00',17),(1596754523,43,3,40,'2020-08-06 00:00:00',40),(1596756218,25,0,25,'2020-08-06 19:23:38',27),(1596756726,34,0,34,'2020-08-06 19:32:06',17),(1596757607,40,1,39,'2020-08-06 19:46:47',20),(1596758787,52,9,43,'2020-08-06 20:06:27',37),(1596758919,56,0,56,'2020-08-06 20:08:39',11),(1596759128,71,2,69,'2020-08-06 20:12:08',29),(1596764141,59,3,56,'2020-08-05 00:00:00',33),(1596764208,41,38,3,'2020-08-06 21:36:48',2),(1596765132,46,0,46,'2020-08-06 21:52:12',33),(1596770699,53,3,50,'2020-08-06 23:24:59',2),(1596823078,67,0,67,'2020-08-07 13:57:58',1),(1596835769,43,0,43,'2020-08-07 17:29:29',20),(1596835986,56,2,54,'2020-08-07 17:33:06',37),(1596837501,47,4,43,'2020-08-07 17:58:21',38),(1596837781,70,0,70,'2020-08-07 18:03:01',13),(1596838231,49,4,45,'2020-08-07 18:10:31',38),(1596838247,34,0,34,'2020-08-07 18:10:47',1594207992),(1596841620,62,0,62,'2020-08-07 19:07:00',33),(1596841700,32,4,28,'2020-08-07 19:08:20',34),(1596844578,57,5,52,'2020-08-07 19:56:18',38),(1596849906,33,0,33,'2020-08-07 21:25:06',23),(1596851441,27,8,19,'2020-07-23 21:50:41',3),(1596851490,34,3,31,'2020-07-27 21:51:30',9),(1596851948,60,6,54,'2020-07-28 21:59:08',9),(1596851984,60,12,48,'2020-07-29 21:59:44',9),(1596852065,65,17,48,'2020-07-30 22:01:05',24),(1596852105,75,9,66,'2020-08-04 22:01:45',24),(1596852154,67,8,59,'2020-08-05 22:02:34',9),(1596852193,43,9,34,'2020-08-06 22:03:13',24),(1596854083,55,4,51,'2020-08-07 22:34:43',2),(1596856045,66,35,31,'2020-08-07 23:07:25',17),(1596864367,43,3,40,'2020-08-08 01:26:07',12),(1596890666,54,5,49,'2020-08-07 00:00:00',37),(1596911962,36,0,36,'2020-08-08 14:39:22',37),(1596917448,47,1,46,'2020-08-08 16:10:48',38),(1596921442,80,0,80,'2020-08-08 17:17:22',32),(1596923085,29,2,27,'2020-08-08 17:44:45',1),(1596924860,39,3,36,'2020-08-08 18:14:20',37),(1596925788,32,3,29,'2020-07-23 00:00:00',2),(1596925832,70,5,65,'2020-07-24 00:00:00',2),(1596925862,32,0,32,'2020-07-07 00:00:00',3),(1596925905,67,8,59,'2020-07-29 00:00:00',34),(1596926421,31,1,30,'2020-08-07 00:00:00',3),(1596926646,52,1,51,'2020-08-07 00:00:00',23),(1596997188,21,0,21,'2020-07-23 00:00:00',40),(1596997215,25,7,18,'2020-07-24 00:00:00',40),(1596997294,35,0,35,'2020-08-05 00:00:00',12),(1596997319,29,0,29,'2020-08-06 00:00:00',1),(1596997345,55,49,6,'2020-08-07 00:00:00',15),(1596999587,43,23,20,'2020-07-07 00:00:00',37),(1596999639,67,29,38,'2020-07-08 00:00:00',37),(1596999695,39,6,33,'2020-07-17 00:00:00',37),(1596999750,118,10,108,'2020-08-04 00:00:00',37),(1596999777,62,4,58,'2020-08-05 00:00:00',37),(1596999800,95,2,93,'2020-08-06 00:00:00',37),(1596999827,43,3,40,'2020-08-07 00:00:00',37),(1597000984,41,0,41,'2020-07-22 00:00:00',3),(1597001015,40,1,39,'2020-07-23 00:00:00',3),(1597001045,30,0,30,'2020-07-24 00:00:00',3),(1597001064,8,0,8,'2020-07-27 00:00:00',3),(1597001100,71,9,62,'2020-07-28 00:00:00',3),(1597001127,60,0,60,'2020-07-29 00:00:00',3),(1597001164,55,0,55,'2020-07-30 00:00:00',3),(1597001199,27,0,27,'2020-07-31 00:00:00',3),(1597001217,54,0,54,'2020-08-04 00:00:00',3),(1597001237,53,0,53,'2020-08-05 00:00:00',3),(1597001251,44,0,44,'2020-08-06 00:00:00',3),(1597001269,40,0,40,'2020-08-07 00:00:00',3),(1597006567,30,5,25,'2020-07-02 00:00:00',9),(1597006593,51,8,43,'2020-07-03 00:00:00',31),(1597006620,64,29,35,'2020-07-05 00:00:00',37),(1597006705,64,0,64,'2020-07-17 00:00:00',34),(1597006815,43,0,43,'2020-07-21 00:00:00',25),(1597006837,37,7,30,'2020-07-22 00:00:00',38),(1597006859,50,10,40,'2020-07-23 00:00:00',3),(1597006888,54,20,34,'2020-07-24 00:00:00',29),(1597006908,60,10,50,'2020-07-25 00:00:00',37),(1597006923,20,5,15,'2020-07-27 00:00:00',3),(1597006984,68,18,50,'2020-07-28 00:00:00',25),(1597007003,40,0,40,'2020-07-29 00:00:00',13),(1597007043,56,0,56,'2020-07-30 00:00:00',29),(1597007106,18,0,18,'2020-08-04 00:00:00',18),(1597007137,20,0,20,'2020-08-05 00:00:00',3),(1597007182,26,6,20,'2020-08-06 00:00:00',29),(1597007204,36,4,32,'2020-08-07 00:00:00',27),(1597007315,60,2,58,'2020-07-28 00:00:00',3),(1597007344,47,4,43,'2020-07-27 00:00:00',18),(1597007370,32,0,32,'2020-07-25 00:00:00',3),(1597007406,46,5,41,'2020-07-22 00:00:00',2),(1597007431,63,6,57,'2020-07-21 00:00:00',2),(1597007481,46,5,41,'2020-07-30 00:00:00',33),(1597007495,52,-2,54,'2020-07-31 00:00:00',2),(1597007515,47,4,43,'2020-08-01 00:00:00',1),(1597007536,43,4,39,'2020-08-03 00:00:00',1),(1597007550,101,2,99,'2020-08-04 00:00:00',1),(1597007565,58,9,49,'2020-08-05 00:00:00',1),(1597007582,33,0,33,'2020-08-06 00:00:00',3),(1597007599,26,3,23,'2020-08-07 00:00:00',25),(1597007635,53,0,53,'2020-08-08 00:00:00',1),(1597009215,64,7,57,'2020-08-07 00:00:00',37),(1597076018,30,0,30,'2020-08-10 12:13:38',13),(1597083082,14,0,14,'2020-08-10 14:11:22',20),(1597083262,17,4,13,'2020-08-07 00:00:00',3),(1597089611,21,4,17,'2020-08-10 16:00:11',9),(1597092923,13,0,13,'2020-08-10 16:55:23',37),(1597096439,55,0,55,'2020-08-10 17:53:59',2),(1597096815,25,0,25,'2020-08-10 18:00:15',33),(1597097692,79,1,78,'2020-08-10 18:14:52',37),(1597099660,60,5,55,'2020-08-10 18:47:40',1),(1597104492,53,0,53,'2020-08-08 00:00:00',37),(1597104523,60,0,60,'2020-08-10 20:08:43',37),(1597116993,53,0,53,'2020-08-10 23:36:33',33),(1597117208,64,1,63,'2020-08-10 23:40:08',5),(1597117403,99,11,88,'2020-08-10 23:43:23',38),(1597167143,30,11,19,'2020-08-10 00:00:00',37),(1597167492,95,3,92,'2020-08-08 00:00:00',33),(1597168454,46,0,46,'2020-07-24 00:00:00',1),(1597168485,75,0,75,'2020-07-27 00:00:00',23),(1597168515,66,0,66,'2020-07-28 00:00:00',30),(1597168563,21,0,21,'2020-07-31 00:00:00',12),(1597168600,64,0,64,'2020-08-04 00:00:00',30),(1597168628,51,0,51,'2020-08-05 00:00:00',1),(1597168650,44,3,41,'2020-08-06 00:00:00',30),(1597168695,46,0,46,'2020-08-10 00:00:00',1),(1597168822,41,0,41,'2020-08-07 00:00:00',30),(1597169261,66,0,66,'2020-08-11 14:07:41',37),(1597171644,59,2,57,'2020-08-11 14:47:24',38),(1597179401,53,2,51,'2020-08-11 16:56:41',38),(1597181174,55,16,39,'2020-08-11 17:26:14',3),(1597181365,39,0,39,'2020-08-11 17:29:25',3),(1597182179,49,0,49,'2020-08-11 00:00:00',17),(1597182390,32,5,27,'2020-08-11 00:00:00',29),(1597182988,58,0,58,'2020-08-11 17:56:28',1),(1597183225,45,0,45,'2020-08-11 18:00:25',21),(1597184083,42,0,42,'2020-08-11 18:14:43',17),(1597186690,61,0,61,'2020-08-11 18:58:10',1595346684),(1597187027,58,0,58,'2020-08-11 00:00:00',3),(1597188009,81,0,81,'2020-08-11 19:20:09',13),(1597189420,69,0,69,'2020-08-11 19:43:40',12),(1597190227,74,0,74,'2020-08-11 00:00:00',27),(1597190371,65,0,65,'2020-08-11 00:00:00',34),(1597191829,65,0,65,'2020-08-11 00:00:00',3),(1597192671,41,3,38,'2020-08-11 00:00:00',34),(1597193044,16,0,16,'2020-08-11 20:44:04',17),(1597193256,59,2,57,'2020-08-11 20:47:36',38),(1597195092,25,0,25,'2020-08-11 21:18:12',1),(1597195329,80,0,80,'2020-08-11 21:22:09',5),(1597195905,63,6,57,'2020-08-11 00:00:00',3),(1597196432,70,0,70,'2020-08-11 00:00:00',40),(1597197105,69,0,69,'2020-08-11 00:00:00',1),(1597200779,65,1,64,'2020-08-11 22:52:59',1595346064),(1597244605,34,2,32,'2020-08-10 11:03:25',32),(1597244687,90,40,50,'2020-08-11 11:04:47',9),(1597258359,63,0,63,'2020-08-12 14:52:39',5),(1597263506,52,1,51,'2020-08-12 16:18:26',1),(1597269350,65,0,65,'2020-08-12 17:55:50',11),(1597274285,70,3,67,'2020-08-12 19:18:05',38),(1597274390,51,0,51,'2020-08-12 19:19:50',21),(1597274982,68,0,68,'2020-08-12 19:29:42',37),(1597275710,84,0,84,'2020-08-12 19:41:50',3),(1597276094,93,9,84,'2020-08-11 00:00:00',1),(1597276120,80,1,79,'2020-08-12 19:48:40',37),(1597276515,39,1,38,'2020-08-12 00:00:00',9),(1597276558,55,0,55,'2020-08-12 00:00:00',17),(1597276712,62,0,62,'2020-08-12 00:00:00',3),(1597277068,76,0,76,'2020-08-12 20:04:28',33),(1597277970,75,0,75,'2020-08-12 00:00:00',40),(1597278003,65,22,43,'2020-08-11 00:00:00',17),(1597281087,66,2,64,'2020-08-12 21:11:27',38),(1597281133,46,0,46,'2020-08-12 21:12:13',17),(1597282199,53,10,43,'2020-08-11 00:00:00',3),(1597282379,24,3,21,'2020-08-10 00:00:00',34),(1597285461,46,0,46,'2020-08-12 22:24:21',1595346684),(1597290583,69,33,36,'2020-08-12 23:49:43',17),(1597341701,34,0,34,'2020-08-12 00:00:00',34),(1597341725,43,6,37,'2020-08-11 00:00:00',34),(1597348318,107,2,105,'2020-08-13 15:51:58',37),(1597357441,44,0,44,'2020-08-13 18:24:01',3),(1597358330,53,1,52,'2020-08-13 18:38:50',32),(1597359285,57,0,57,'2020-08-13 18:54:45',2),(1597361333,47,0,47,'2020-08-13 19:28:53',1),(1597361621,85,1,84,'2020-08-13 19:33:41',29),(1597362036,50,5,45,'2020-08-13 19:40:36',38),(1597362217,59,0,59,'2020-08-13 19:43:37',12),(1597363098,50,0,50,'2020-08-13 19:58:18',1),(1597365581,78,18,60,'2020-08-13 20:39:41',38),(1597365699,62,6,56,'2020-08-13 20:41:39',24),(1597368138,38,0,38,'2020-08-13 00:00:00',17),(1597368167,51,0,51,'2020-08-13 00:00:00',3),(1597368208,65,0,65,'2020-08-13 00:00:00',30),(1597368253,49,3,46,'2020-08-13 00:00:00',9),(1597368427,34,0,34,'2020-08-13 00:00:00',34),(1597368927,47,0,47,'2020-08-13 00:00:00',1),(1597368949,46,0,46,'2020-08-12 00:00:00',2),(1597368985,77,0,77,'2020-08-13 00:00:00',40),(1597369622,40,0,40,'2020-08-13 21:47:02',17),(1597370350,70,0,70,'2020-08-13 21:59:10',1595346064),(1597370515,90,1,89,'2020-08-13 22:01:55',37),(1597373903,70,10,60,'2020-08-11 22:58:23',17),(1597373972,50,0,50,'2020-08-13 22:59:32',3),(1597374729,72,0,72,'2020-08-13 23:12:09',5),(1597374783,91,0,91,'2020-08-12 23:13:03',5),(1597442788,93,1,92,'2020-08-14 18:06:28',5),(1597444275,73,4,69,'2020-08-14 18:31:15',38),(1597445878,52,4,48,'2020-08-14 18:57:58',20),(1597446106,42,0,42,'2020-08-14 19:01:46',33),(1597447068,107,0,107,'2020-08-14 19:17:48',37),(1597447069,63,0,63,'2020-08-14 19:17:49',12),(1597449273,66,0,66,'2020-08-14 19:54:33',38),(1597452724,82,0,82,'2020-08-14 20:52:04',13),(1597453421,39,0,39,'2020-08-14 21:03:41',17),(1597455245,60,3,57,'2020-08-14 21:34:05',2),(1597455357,71,3,68,'2020-08-14 21:35:57',38),(1597458620,77,0,77,'2020-08-14 22:30:20',1594207992),(1597461485,63,0,63,'2020-08-14 23:18:05',37),(1597466435,35,1,34,'2020-08-15 00:40:35',32),(1597507806,65,1,64,'2020-08-15 12:10:06',37),(1597526293,70,0,70,'2020-08-15 17:18:13',1),(1597529598,55,2,53,'2020-08-15 18:13:18',38),(1597529734,53,0,53,'2020-08-15 18:15:34',1594207992),(1597534008,60,0,60,'2020-08-15 19:26:48',3),(1597534042,35,5,30,'2020-08-15 19:27:22',3),(1597582018,52,4,48,'2020-08-16 08:46:58',38),(1597677493,29,0,29,'2020-08-17 11:18:13',38),(1597689862,34,0,34,'2020-08-14 00:00:00',34),(1597689897,53,0,53,'2020-08-14 00:00:00',17),(1597689944,45,0,45,'2020-08-14 00:00:00',3),(1597690004,72,0,72,'2020-08-14 00:00:00',1),(1597690055,73,3,70,'2020-08-10 00:00:00',37),(1597690072,79,1,78,'2020-08-11 00:00:00',37),(1597690115,114,10,104,'2020-08-12 00:00:00',37),(1597690168,89,3,86,'2020-08-13 00:00:00',37),(1597690197,92,0,92,'2020-08-14 00:00:00',37),(1597690299,59,7,52,'2020-08-14 00:00:00',33),(1597690336,63,2,61,'2020-08-15 00:00:00',33),(1597690378,66,0,66,'2020-08-14 00:00:00',40),(1597690399,59,0,59,'2020-08-15 00:00:00',40),(1597690441,39,0,39,'2020-08-14 00:00:00',34),(1597690519,63,15,48,'2020-08-13 00:00:00',31),(1597690544,71,3,68,'2020-08-15 00:00:00',31),(1597690698,30,3,27,'2020-08-15 00:00:00',32),(1597697206,40,0,40,'2020-08-17 16:46:46',39),(1597700213,28,4,24,'2020-08-17 17:36:53',38),(1597703175,51,16,35,'2020-08-17 18:26:15',29),(1597704598,43,0,43,'2020-08-17 18:49:58',9),(1597705806,60,28,32,'2020-08-17 19:10:06',18),(1597707196,50,12,38,'2020-08-17 19:33:16',33),(1597709930,44,3,41,'2020-08-17 00:00:00',3),(1597713530,44,0,44,'2020-08-17 21:18:50',37),(1597713549,49,1,48,'2020-08-17 21:19:09',37),(1597713608,50,0,50,'2020-08-17 21:20:08',2),(1597766638,65,0,65,'2020-08-18 12:03:58',3),(1597768830,79,1,78,'2020-08-18 12:40:30',37),(1597777429,75,0,75,'2020-08-18 15:03:49',5),(1597780415,61,18,43,'2020-08-18 15:53:35',38),(1597785967,64,0,64,'2020-08-18 17:26:07',38),(1597786173,70,4,66,'2020-08-18 17:29:33',9),(1597786310,50,0,50,'2020-08-18 17:31:50',24),(1597788836,49,0,49,'2020-08-18 18:13:56',21),(1597790037,73,0,73,'2020-08-18 18:33:57',37),(1597790575,90,0,90,'2020-08-18 18:42:55',13),(1597790904,50,0,50,'2020-08-18 00:00:00',17),(1597790948,61,4,57,'2020-08-18 00:00:00',33),(1597790989,75,15,60,'2020-08-18 00:00:00',3),(1597791159,34,0,34,'2020-08-18 00:00:00',2),(1597791286,71,0,71,'2020-08-17 00:00:00',5),(1597795999,66,0,66,'2020-08-18 20:13:19',1594207992),(1597796816,50,0,50,'2020-08-18 20:26:56',17),(1597796849,23,0,23,'2020-08-18 20:27:29',31),(1597798404,90,5,85,'2020-08-18 20:53:24',12),(1597799786,44,0,44,'2020-08-18 21:16:26',38),(1597801079,32,1,31,'2020-08-18 21:37:59',27),(1597804031,48,3,45,'2020-08-12 22:27:11',32),(1597804081,81,31,50,'2020-08-14 22:28:01',9),(1597804139,53,8,45,'2020-08-17 22:28:59',25),(1597804197,55,0,55,'2020-08-18 22:29:57',9),(1597841924,50,1,49,'2020-08-18 08:58:44',34),(1597853359,48,0,48,'2020-08-19 12:09:19',9),(1597856794,48,0,48,'2020-08-19 13:06:34',34),(1597858732,67,0,67,'2020-08-19 13:38:52',37),(1597864869,35,0,35,'2020-08-15 00:00:00',34),(1597864899,26,1,25,'2020-08-17 00:00:00',34),(1597865141,46,0,46,'2020-08-18 00:00:00',18),(1597865173,47,5,42,'2020-08-17 00:00:00',18),(1597868876,64,0,64,'2020-08-18 00:00:00',3),(1597868940,72,2,70,'2020-08-18 00:00:00',40),(1597868985,66,0,66,'2020-08-18 00:00:00',12),(1597869030,56,1,55,'2020-08-06 00:00:00',12),(1597869071,66,7,59,'2020-07-31 00:00:00',33),(1597869166,49,0,49,'2020-08-14 00:00:00',3),(1597869195,35,0,35,'2020-08-18 00:00:00',3),(1597869250,124,1,123,'2020-08-18 00:00:00',37),(1597869445,35,0,35,'2020-08-19 00:00:00',17),(1597869502,42,0,42,'2020-07-24 00:00:00',25),(1597869529,75,1,74,'2020-07-28 00:00:00',34),(1597869551,32,0,32,'2020-07-23 00:00:00',34),(1597870763,44,0,44,'2020-08-19 16:59:23',39),(1597872517,54,2,52,'2020-08-19 17:28:37',12),(1597873632,44,0,44,'2020-08-19 17:47:12',20),(1597874248,38,0,38,'2020-08-19 17:57:28',38),(1597874851,64,27,37,'2020-08-19 18:07:31',18),(1597875424,46,2,44,'2020-08-19 18:17:04',38),(1597875499,23,0,23,'2020-08-19 18:18:19',2),(1597875674,60,3,57,'2020-08-19 18:21:14',33),(1597876179,65,2,63,'2020-08-12 00:00:00',3),(1597876197,44,4,40,'2020-08-13 00:00:00',3),(1597876217,54,5,49,'2020-08-14 00:00:00',3),(1597876241,46,2,44,'2020-08-15 00:00:00',3),(1597876261,66,8,58,'2020-08-18 00:00:00',3),(1597876282,48,10,38,'2020-08-10 00:00:00',3),(1597876301,40,2,38,'2020-08-11 00:00:00',3),(1597876353,83,1,82,'2020-08-19 18:32:33',13),(1597878846,55,1,54,'2020-08-04 00:00:00',33),(1597878868,59,3,56,'2020-08-05 00:00:00',33),(1597878886,28,4,24,'2020-08-06 00:00:00',33),(1597878925,57,17,40,'2020-08-07 00:00:00',18),(1597878948,47,7,40,'2020-08-08 00:00:00',33),(1597879441,53,4,49,'2020-08-19 19:24:01',30),(1597879988,50,0,50,'2020-08-19 00:00:00',3),(1597880079,34,2,32,'2020-08-19 19:34:39',3),(1597880160,41,0,41,'2020-08-19 19:36:00',17),(1597880326,20,0,20,'2020-08-19 19:38:46',30),(1597884395,51,5,46,'2020-08-19 00:00:00',32),(1597885214,81,1,80,'2020-08-19 21:00:14',5),(1597885564,62,0,62,'2020-08-19 21:06:04',37),(1597885756,50,0,50,'2020-08-19 00:00:00',2),(1597889464,76,4,72,'2020-08-19 22:11:04',1594207992),(1597890879,44,1,43,'2020-08-19 22:34:39',9),(1597891537,45,2,43,'2020-08-19 22:45:37',34),(1597892891,56,16,40,'2020-08-19 23:08:11',3),(1597950593,62,0,62,'2020-08-20 15:09:53',37),(1597954435,76,0,76,'2020-08-20 16:13:55',2),(1597955273,88,3,85,'2020-08-19 00:00:00',37),(1597955392,38,23,15,'2020-08-05 00:00:00',31),(1597955506,39,0,39,'2020-08-20 00:00:00',17),(1597955651,46,0,46,'2020-08-18 00:00:00',18),(1597955680,47,5,42,'2020-08-17 00:00:00',18),(1597955732,54,0,54,'2020-08-19 00:00:00',18),(1597956082,40,26,14,'2020-08-18 00:00:00',1597956046),(1597956101,30,0,30,'2020-08-19 00:00:00',3),(1597959102,77,0,77,'2020-08-20 17:31:42',1),(1597959296,51,0,51,'2020-08-20 17:34:56',39),(1597962201,78,1,77,'2020-08-20 18:23:21',5),(1597962787,58,0,58,'2020-08-20 18:33:07',37),(1597962967,50,0,50,'2020-08-20 00:00:00',3),(1597962996,55,6,49,'2020-08-20 00:00:00',18),(1597963040,53,5,48,'2020-08-19 00:00:00',3),(1597963167,56,0,56,'2020-08-20 00:00:00',18),(1597963185,74,0,74,'2020-08-20 18:39:45',30),(1597963576,41,0,41,'2020-08-20 18:46:16',17),(1597964187,44,0,44,'2020-08-20 18:56:27',20),(1597964395,87,0,87,'2020-08-20 18:59:55',13),(1597964779,45,0,45,'2020-08-20 19:06:19',38),(1597966794,20,0,20,'2020-08-20 19:39:54',23),(1597966827,58,0,58,'2020-08-20 19:40:27',27),(1597969625,30,0,30,'2020-08-20 00:00:00',3),(1597971600,61,0,61,'2020-08-20 21:00:00',24),(1597972989,78,2,76,'2020-08-20 00:00:00',40),(1597973693,67,1,66,'2020-08-20 21:34:53',1594207992),(1597975265,42,3,39,'2020-08-20 22:01:05',2),(1597978671,46,2,44,'2020-08-20 22:57:51',38),(1597980921,78,14,64,'2020-08-20 23:35:21',3),(1598035571,61,0,61,'2020-08-21 14:46:11',5),(1598037908,47,3,44,'2020-08-20 00:00:00',2),(1598037963,83,1,82,'2020-08-20 00:00:00',37),(1598038014,65,8,57,'2020-08-20 00:00:00',32),(1598039105,52,0,52,'2020-08-21 15:45:05',39),(1598041249,64,1,63,'2020-08-11 00:00:00',11),(1598041276,40,3,37,'2020-08-12 00:00:00',11),(1598041297,42,1,41,'2020-08-13 00:00:00',11),(1598041320,46,0,46,'2020-08-14 00:00:00',11),(1598041335,46,2,44,'2020-08-18 00:00:00',11),(1598041350,46,3,43,'2020-08-19 00:00:00',11),(1598041368,41,1,40,'2020-08-20 00:00:00',11),(1598047310,66,0,66,'2020-08-21 18:01:50',1),(1598048447,82,0,82,'2020-08-21 18:20:47',13),(1598051749,53,1,52,'2020-08-21 19:15:49',37),(1598054463,71,0,71,'2020-08-21 20:01:03',30),(1598057605,27,2,25,'2020-08-19 00:00:00',3),(1598057620,74,5,69,'2020-08-20 00:00:00',3),(1598057634,57,0,57,'2020-08-21 00:00:00',3),(1598057658,80,0,80,'2020-08-21 00:00:00',40),(1598058273,31,0,31,'2020-08-21 21:04:33',2),(1598058491,57,0,57,'2020-08-21 00:00:00',34),(1598058521,23,6,17,'2020-08-10 00:00:00',17),(1598058552,23,1,22,'2020-08-18 00:00:00',34),(1598058569,38,0,38,'2020-08-21 21:09:29',3),(1598058575,30,7,23,'2020-08-19 00:00:00',34),(1598058600,23,4,19,'2020-08-20 00:00:00',34),(1598058623,28,3,25,'2020-08-21 00:00:00',3),(1598060228,48,5,43,'2020-08-21 00:00:00',2),(1598060961,50,4,46,'2020-08-21 21:49:21',37),(1598064083,67,2,65,'2020-08-21 22:41:23',1594207992),(1598066954,56,6,50,'2020-08-21 23:29:14',17),(1598067899,60,2,58,'2020-08-21 23:44:59',38),(1598067941,57,8,49,'2020-08-22 23:45:41',38),(1598108292,93,2,91,'2020-08-21 00:00:00',37),(1598109257,42,2,40,'2020-08-21 00:00:00',3),(1598109454,42,5,37,'2020-08-21 00:00:00',18),(1598118528,42,0,42,'2020-08-22 00:00:00',3),(1598129230,53,0,53,'2020-08-22 16:47:10',24),(1598129481,51,0,51,'2020-08-22 16:51:21',1594207992),(1598131727,64,2,62,'2020-08-22 17:28:47',1),(1598136158,98,1,97,'2020-08-22 18:42:38',29),(1598137853,50,0,50,'2020-08-22 19:10:53',37),(1598279407,39,3,36,'2020-08-21 10:30:07',33),(1598279501,53,11,42,'2020-08-22 10:31:41',33),(1598279935,50,-10,60,'2020-08-24 10:38:55',1),(1598294132,51,0,51,'2020-08-21 00:00:00',1594207992),(1598294192,38,1,37,'2020-08-22 00:00:00',34),(1598294222,50,4,46,'2020-08-22 00:00:00',33),(1598294249,61,1,60,'2020-08-22 00:00:00',31),(1598294285,73,2,71,'2020-08-22 00:00:00',37),(1598296658,26,0,26,'2020-08-24 15:17:38',3),(1598299592,45,0,45,'2020-08-24 16:06:32',39),(1598299679,32,1,31,'2020-08-24 16:07:59',33),(1598305797,50,0,50,'2020-08-24 00:00:00',3),(1598306722,59,0,59,'2020-08-24 00:00:00',1594207992),(1598309504,81,1,80,'2020-08-24 18:51:44',5),(1598310951,46,3,43,'2020-08-24 19:15:51',38),(1598314497,73,4,69,'2020-08-24 00:00:00',2),(1598315871,62,1,61,'2020-08-24 20:37:51',2),(1598318805,97,3,94,'2020-08-24 00:00:00',37),(1598319370,49,4,45,'2020-08-24 21:36:10',31),(1598326842,73,1,72,'2020-08-24 23:40:42',3),(1598383956,39,0,39,'2020-08-25 15:32:36',3),(1598387241,45,0,45,'2020-08-25 16:27:21',39),(1598389242,74,0,74,'2020-08-25 17:00:42',5),(1598390204,44,2,42,'2020-08-25 17:16:44',33),(1598391407,50,0,50,'2020-08-25 00:00:00',3),(1598391807,98,0,98,'2020-08-25 17:43:27',13),(1598391931,46,0,46,'2020-08-25 17:45:31',21),(1598392101,59,1,58,'2020-08-25 00:00:00',33),(1598392384,65,12,53,'2020-08-24 00:00:00',34),(1598393697,70,0,70,'2020-08-25 18:14:57',12),(1598394883,73,0,73,'2020-08-25 18:34:43',1594207992),(1598395269,66,0,66,'2020-08-25 18:41:09',24),(1598396054,40,0,40,'2020-08-25 00:00:00',1594207992),(1598396642,76,3,73,'2020-08-25 19:04:02',38),(1598396916,76,0,76,'2020-08-25 00:00:00',40),(1598399442,43,0,43,'2020-08-25 00:00:00',2),(1598400671,73,-6,79,'2020-08-25 20:11:11',37),(1598401989,63,3,60,'2020-08-25 20:33:09',30),(1598408648,85,6,79,'2020-08-25 00:00:00',2),(1598408754,56,17,39,'2020-08-25 00:00:00',17),(1598412327,107,7,100,'2020-08-25 00:00:00',37),(1598413635,56,2,54,'2020-08-25 23:47:15',38),(1598413668,70,7,63,'2020-08-25 23:47:48',38),(1598472902,41,0,41,'2020-08-26 16:15:02',24),(1598473205,44,0,44,'2020-08-26 00:00:00',3),(1598475385,44,4,40,'2020-08-26 16:56:25',33),(1598475484,91,0,91,'2020-08-26 16:58:04',5),(1598475767,46,0,46,'2020-08-26 17:02:47',3),(1598476896,58,3,55,'2020-08-26 17:21:36',20),(1598477576,65,6,59,'2020-08-26 17:32:56',12),(1598478575,30,0,30,'2020-08-26 00:00:00',37),(1598478646,16,0,16,'2020-08-26 00:00:00',34),(1598479488,103,2,101,'2020-08-26 18:04:48',1),(1598480480,33,8,25,'2020-08-26 00:00:00',23),(1598481606,44,0,44,'2020-08-26 18:40:06',21),(1598481630,55,3,52,'2020-08-26 18:40:30',38),(1598483150,42,1,41,'2020-08-26 19:05:50',1),(1598483535,52,6,46,'2020-08-26 00:00:00',3),(1598484184,37,4,33,'2020-08-26 00:00:00',17),(1598485149,50,0,50,'2020-08-25 00:00:00',3),(1598485162,47,0,47,'2020-08-26 00:00:00',3),(1598486370,80,0,80,'2020-08-26 00:00:00',40),(1598487005,92,2,90,'2020-08-26 00:00:00',37),(1598487241,31,2,29,'2020-08-26 00:00:00',3),(1598487759,73,0,73,'2020-08-26 20:22:39',1594207992),(1598488126,56,12,44,'2020-08-20 00:00:00',34),(1598488141,54,0,54,'2020-08-21 00:00:00',34),(1598488159,42,4,38,'2020-08-22 00:00:00',34),(1598488174,51,0,51,'2020-08-24 00:00:00',34),(1598488200,51,3,48,'2020-08-26 00:00:00',17),(1598489056,89,15,74,'2020-08-26 20:44:16',11),(1598490175,43,2,41,'2020-08-26 00:00:00',1),(1598491037,45,10,35,'2020-08-26 00:00:00',21),(1598493752,76,3,73,'2020-08-26 22:02:32',37),(1598493963,53,1,52,'2020-08-26 22:06:03',2),(1598496890,79,0,79,'2020-08-26 22:54:50',3),(1598534167,85,15,70,'2020-08-26 00:00:00',11),(1598538145,63,0,63,'2020-08-21 00:00:00',1),(1598556895,85,58,27,'2020-07-31 00:00:00',34),(1598556915,65,15,50,'2020-08-01 00:00:00',34),(1598556938,68,37,31,'2020-08-03 00:00:00',34),(1598556963,51,0,51,'2020-08-04 00:00:00',34),(1598556983,32,6,26,'2020-08-06 00:00:00',34),(1598557006,31,13,18,'2020-08-08 00:00:00',34),(1598557032,39,1,38,'2020-08-11 00:00:00',34),(1598557066,40,10,30,'2020-08-12 00:00:00',34),(1598557088,49,0,49,'2020-08-13 00:00:00',34),(1598559380,43,0,43,'2020-07-22 00:00:00',3),(1598559397,6,0,6,'2020-07-23 00:00:00',3),(1598559416,23,0,23,'2020-07-24 00:00:00',3),(1598559504,46,0,46,'2020-07-31 00:00:00',3),(1598559519,26,0,26,'2020-08-11 00:00:00',3),(1598559534,33,0,33,'2020-08-18 00:00:00',3),(1598559547,46,0,46,'2020-08-19 00:00:00',3),(1598560934,61,0,61,'2020-08-11 00:00:00',1),(1598560947,46,0,46,'2020-08-12 00:00:00',1),(1598560948,70,0,70,'2020-08-27 16:42:28',1),(1598560968,27,1,26,'2020-07-22 00:00:00',1),(1598560985,45,0,45,'2020-07-29 00:00:00',1),(1598561149,35,0,35,'2020-08-27 16:45:49',24),(1598561168,24,4,20,'2020-08-27 16:46:08',3),(1598561748,40,0,40,'2020-08-27 16:55:48',3),(1598562192,37,0,37,'2020-08-27 17:03:12',21),(1598563536,50,8,42,'2020-07-29 00:00:00',1),(1598563552,41,17,24,'2020-07-30 00:00:00',1),(1598563908,60,3,57,'2020-08-27 17:31:48',38),(1598564487,48,0,48,'2020-08-27 17:41:27',20),(1598564879,31,4,27,'2020-07-20 00:00:00',1),(1598564893,25,14,11,'2020-07-23 00:00:00',1),(1598564911,15,4,11,'2020-07-24 00:00:00',1),(1598565070,36,6,30,'2020-08-04 00:00:00',1),(1598565088,60,24,36,'2020-08-03 00:00:00',1),(1598565352,37,0,37,'2020-08-07 00:00:00',3),(1598565372,40,0,40,'2020-08-05 00:00:00',3),(1598565392,41,32,9,'2020-08-06 00:00:00',3),(1598565511,46,0,46,'2020-07-30 00:00:00',3),(1598565526,40,0,40,'2020-07-31 00:00:00',3),(1598566285,57,0,57,'2020-08-27 18:11:25',1594207992),(1598570174,68,0,68,'2020-08-27 19:16:14',5),(1598570446,105,2,103,'2020-08-27 19:20:46',13),(1598570504,46,1,45,'2020-08-27 19:21:44',38),(1598571014,76,2,74,'2020-08-27 19:30:14',37),(1598571119,58,0,58,'2020-08-27 19:31:59',30),(1598577179,46,0,46,'2020-08-27 00:00:00',3),(1598577442,81,0,81,'2020-08-27 00:00:00',40),(1598577494,63,1,62,'2020-08-27 00:00:00',3),(1598577545,43,0,43,'2020-08-27 00:00:00',5),(1598579256,47,0,47,'2020-08-27 21:47:36',2),(1598580068,39,3,36,'2020-08-27 00:00:00',17),(1598584340,79,4,75,'2020-08-27 23:12:20',38),(1598587029,153,8,145,'2020-08-27 00:00:00',37),(1598626096,50,2,48,'2020-08-26 00:00:00',38),(1598644966,37,0,37,'2020-08-28 16:02:46',3),(1598649451,43,0,43,'2020-08-28 17:17:31',24),(1598652525,111,1,110,'2020-08-28 18:08:45',13),(1598652583,51,0,51,'2020-08-28 18:09:43',1),(1598654665,76,0,76,'2020-08-28 18:44:25',1594207992),(1598654862,30,0,30,'2020-08-28 18:47:42',38),(1598657816,60,17,43,'2020-08-28 19:36:56',33),(1598659049,33,0,33,'2020-08-28 19:57:29',17),(1598661482,38,1,37,'2020-08-28 20:38:02',2),(1598661939,52,1,51,'2020-08-28 20:45:39',30),(1598663014,45,0,45,'2020-08-28 21:03:34',37),(1598670059,93,0,93,'2020-08-28 23:00:59',38),(1598711201,58,3,55,'2020-08-28 00:00:00',40),(1598711253,31,5,26,'2020-08-28 00:00:00',17),(1598711323,84,3,81,'2020-08-28 00:00:00',37),(1598711371,42,0,42,'2020-08-28 00:00:00',2),(1598711421,54,0,54,'2020-08-28 00:00:00',34),(1598712961,56,7,49,'2020-08-27 00:00:00',3),(1598722089,38,0,38,'2020-08-27 00:00:00',21),(1598722113,53,0,53,'2020-08-27 00:00:00',34),(1598722131,34,0,34,'2020-08-27 00:00:00',3),(1598722156,29,0,29,'2020-08-27 00:00:00',17),(1598722183,29,1,28,'2020-08-27 00:00:00',33),(1598722206,35,0,35,'2020-08-27 00:00:00',2),(1598722233,38,1,37,'2020-08-27 00:00:00',19),(1598722273,54,7,47,'2020-08-27 00:00:00',23),(1598722304,57,0,57,'2020-08-28 00:00:00',23),(1598722328,28,1,27,'2020-08-28 00:00:00',13),(1598722349,35,6,29,'2020-08-28 00:00:00',2),(1598722371,36,0,36,'2020-08-28 00:00:00',3),(1598722396,60,0,60,'2020-08-28 00:00:00',34),(1598722419,31,3,28,'2020-08-28 00:00:00',17),(1598722444,22,2,20,'2020-08-28 00:00:00',32),(1598722474,58,5,53,'2020-08-28 00:00:00',5),(1598723062,16,3,13,'2020-08-26 00:00:00',37),(1598723114,12,2,10,'2020-08-26 00:00:00',11),(1598723145,19,7,12,'2020-08-26 00:00:00',37),(1598723177,17,8,9,'2020-08-26 00:00:00',13),(1598723201,20,0,20,'2020-08-27 00:00:00',19),(1598723224,15,2,13,'2020-08-27 00:00:00',18),(1598723258,21,2,19,'2020-08-26 00:00:00',3),(1598723279,11,0,11,'2020-08-27 00:00:00',1593758827),(1598723302,7,3,4,'2020-08-27 00:00:00',1596591839),(1598723336,23,0,23,'2020-08-28 00:00:00',3),(1598723360,23,0,23,'2020-08-28 00:00:00',1596591839),(1598723383,17,3,14,'2020-08-28 00:00:00',19),(1598723402,24,0,24,'2020-08-28 00:00:00',32),(1598723426,18,1,17,'2020-08-28 00:00:00',1594219367),(1598723456,17,2,15,'2020-08-28 00:00:00',2),(1598724964,25,0,25,'2020-07-24 00:00:00',18),(1598724990,39,3,36,'2020-07-28 00:00:00',18),(1598725008,57,0,57,'2020-07-29 00:00:00',18),(1598725024,40,9,31,'2020-07-30 00:00:00',18),(1598725038,46,0,46,'2020-08-04 00:00:00',18),(1598725053,48,6,42,'2020-08-05 00:00:00',18),(1598725070,39,0,39,'2020-08-06 00:00:00',18),(1598725084,43,0,43,'2020-08-07 00:00:00',18),(1598725100,49,0,49,'2020-08-11 00:00:00',18),(1598725114,52,0,52,'2020-08-12 00:00:00',18),(1598725128,46,0,46,'2020-08-13 00:00:00',18),(1598725142,31,0,31,'2020-08-18 00:00:00',18),(1598725155,32,0,32,'2020-08-20 00:00:00',18),(1598726759,57,26,31,'2020-08-01 00:00:00',1),(1598726771,56,2,54,'2020-08-04 00:00:00',1),(1598726785,28,0,28,'2020-08-07 00:00:00',1),(1598726797,33,2,31,'2020-08-08 00:00:00',1),(1598726811,40,20,20,'2020-08-11 00:00:00',1),(1598727520,17,2,15,'2020-08-29 00:00:00',21),(1598727542,30,0,30,'2020-08-29 00:00:00',34),(1598727561,34,0,34,'2020-08-29 00:00:00',23),(1598728571,32,5,27,'2020-08-29 15:16:11',1),(1598729710,17,3,14,'2020-08-29 00:00:00',27),(1598731079,63,0,63,'2020-08-29 15:57:59',3),(1598732791,73,0,73,'2020-08-29 16:26:31',12),(1598735255,88,2,86,'2020-08-29 17:07:35',5),(1598735377,68,0,68,'2020-08-29 17:09:37',38),(1598736532,56,0,56,'2020-08-29 17:28:52',1594207992),(1598740288,116,1,115,'2020-08-29 18:31:28',13),(1598744939,59,0,59,'2020-08-29 19:48:59',37),(1598826652,77,0,0,'2020-08-30 18:30:52',1),(1598903482,29,0,29,'2020-08-31 15:51:22',24),(1598904579,45,0,45,'2020-08-31 16:09:39',3),(1598920711,60,0,60,'2020-08-31 20:38:31',5),(1598921235,60,0,60,'2020-08-31 20:47:15',2),(1598925320,56,0,56,'2020-08-31 21:55:20',2),(1598925929,45,0,45,'2020-08-29 00:00:00',34),(1598925982,105,0,105,'2020-08-29 00:00:00',37),(1598926044,69,1,68,'2020-08-29 00:00:00',40),(1598929453,71,0,71,'2020-08-31 23:04:13',3),(1598932799,96,5,91,'2020-08-31 23:59:59',38),(1598986066,73,0,73,'2020-09-01 14:47:46',5),(1598987690,17,2,15,'2020-09-01 15:14:50',33),(1598991672,37,0,37,'2020-09-01 16:21:12',39),(1598993186,55,1,54,'2020-09-01 16:46:26',38),(1598994947,66,6,60,'2020-09-01 17:15:47',24),(1598996656,44,1,43,'2020-09-01 17:44:16',20),(1598997622,58,0,58,'2020-09-01 18:00:22',38),(1599000907,82,1,81,'2020-09-01 18:55:07',1),(1599002426,56,0,56,'2020-09-01 19:20:26',1597956046),(1599003690,82,0,82,'2020-09-01 19:41:30',1594207992),(1599003718,118,1,117,'2020-09-01 19:41:58',13),(1599005070,50,0,50,'2020-09-01 20:04:30',37),(1599013363,72,0,72,'2020-09-01 22:22:43',34),(1599017543,85,6,79,'2020-09-01 23:32:23',38),(1599056808,69,0,69,'2020-09-02 10:26:48',2),(1599058057,70,16,54,'2020-09-02 10:47:37',29),(1599058313,56,0,56,'2020-09-02 10:51:53',2),(1599061354,62,1,61,'2020-09-02 11:42:34',19),(1599062583,67,0,67,'2020-09-02 12:03:03',21),(1599062901,60,0,60,'2020-09-02 12:08:21',31),(1599079998,48,0,48,'2020-09-02 16:53:18',3),(1599080860,45,4,41,'2020-09-02 17:07:40',39),(1599082506,41,0,41,'2020-09-02 17:35:06',21),(1599083186,86,2,84,'2020-08-30 00:00:00',37),(1599083209,111,1,110,'2020-09-01 00:00:00',37),(1599083288,49,0,49,'2020-09-01 00:00:00',3),(1599083338,59,0,59,'2020-09-01 00:00:00',3),(1599083458,44,1,43,'2020-09-01 00:00:00',2),(1599083886,60,0,60,'2020-09-02 17:58:06',2),(1599084760,78,4,74,'2020-09-02 18:12:40',1),(1599086192,60,1,59,'2020-09-02 18:36:32',38),(1599087413,100,1,99,'2020-09-02 18:56:53',1594207992),(1599087713,47,0,47,'2020-09-02 19:01:53',39),(1599088203,119,0,119,'2020-09-02 19:10:03',13),(1599090193,53,20,33,'2020-09-02 19:43:13',33),(1599095604,63,0,63,'2020-09-01 21:13:24',25),(1599095666,72,4,68,'2020-09-02 21:14:26',25),(1599095983,78,0,78,'2020-09-02 00:00:00',40),(1599096021,74,2,72,'2020-09-01 00:00:00',40),(1599096073,52,0,52,'2020-09-02 00:00:00',3),(1599096322,39,0,39,'2020-08-29 00:00:00',21),(1599096373,49,2,47,'2020-08-29 00:00:00',19),(1599096412,33,1,32,'2020-08-31 00:00:00',23),(1599096443,47,0,47,'2020-08-31 00:00:00',21),(1599096468,60,0,60,'2020-08-31 00:00:00',34),(1599096516,50,1,49,'2020-08-31 00:00:00',3),(1599096539,44,0,44,'2020-08-31 00:00:00',5),(1599096560,28,2,26,'2020-08-31 00:00:00',32),(1599096583,64,3,61,'2020-08-31 00:00:00',13),(1599097310,39,0,39,'2020-09-01 00:00:00',2),(1599097334,46,0,46,'2020-09-01 00:00:00',23),(1599097359,61,0,61,'2020-09-01 00:00:00',29),(1599097382,18,0,18,'2020-09-01 00:00:00',32),(1599097407,26,15,11,'2020-09-01 00:00:00',34),(1599097434,24,2,22,'2020-09-01 00:00:00',3),(1599097457,52,0,52,'2020-09-01 00:00:00',21),(1599097479,61,3,58,'2020-09-01 00:00:00',34),(1599097501,50,2,48,'2020-09-01 00:00:00',31),(1599097551,48,1,47,'2020-09-02 00:00:00',3),(1599097610,45,0,45,'2020-09-02 00:00:00',32),(1599097642,70,36,34,'2020-09-02 00:00:00',9),(1599097685,126,3,123,'2020-09-02 00:00:00',37),(1599098125,65,0,65,'2020-09-02 21:55:25',34),(1599101397,61,0,61,'2020-09-02 22:49:57',30),(1599101413,35,0,35,'2020-09-02 22:50:13',17),(1599101624,59,2,57,'2020-09-02 22:53:44',34),(1599102562,58,3,55,'2020-09-02 23:09:22',38),(1599143402,70,0,70,'2020-09-03 10:30:02',34),(1599145590,78,0,0,'2020-09-03 11:06:30',34),(1599149295,70,0,70,'2020-09-03 12:08:15',2),(1599150157,51,0,51,'2020-09-03 12:22:37',32),(1599157993,70,0,70,'2020-09-03 14:33:13',11),(1599159097,88,37,51,'2020-09-03 14:51:37',31),(1599162945,44,0,44,'2020-09-03 15:55:45',3),(1599164716,48,0,48,'2020-09-03 16:25:16',21),(1599166431,46,0,46,'2020-09-03 16:53:51',3),(1599171777,64,0,64,'2020-09-03 18:22:57',21),(1599171917,73,0,73,'2020-09-03 18:25:17',5),(1599173470,110,0,110,'2020-09-03 18:51:10',13),(1599173476,62,0,62,'2020-09-03 18:51:16',30),(1599173595,70,2,68,'2020-09-03 18:53:15',12),(1599176447,45,0,45,'2020-09-03 19:40:47',24),(1599177416,80,0,80,'2020-09-03 00:00:00',40),(1599178129,89,27,62,'2020-09-03 20:08:49',33),(1599178583,63,0,63,'2020-09-03 20:16:23',34),(1599178683,73,2,71,'2020-09-03 20:18:03',1594207992),(1599180095,70,4,66,'2020-09-03 20:41:35',38),(1599181307,59,0,59,'2020-09-03 21:01:47',34),(1599182596,52,12,40,'2020-09-03 21:23:16',34),(1599184974,80,8,72,'2020-09-03 22:02:54',38),(1599227720,46,1,45,'2020-09-03 09:55:20',1),(1599228673,56,0,56,'2020-09-04 10:11:13',21),(1599231739,55,0,55,'2020-09-04 11:02:19',2),(1599232397,70,2,68,'2020-09-04 11:13:17',2),(1599233923,58,3,55,'2020-09-04 11:38:43',3),(1599241811,131,3,128,'2020-09-03 00:00:00',37),(1599254817,43,43,0,'2020-09-04 17:26:57',24),(1599255105,43,0,43,'2020-09-04 17:31:45',24),(1599256307,67,17,50,'2020-09-04 17:51:47',3),(1599256906,67,0,67,'2020-09-04 18:01:46',5),(1599259711,60,0,60,'2020-09-04 18:48:31',31),(1599260245,45,0,45,'2020-09-04 18:57:25',20),(1599260588,57,0,57,'2020-09-04 19:03:08',19),(1599260753,75,0,75,'2020-09-04 19:05:53',21),(1599262015,87,0,87,'2020-09-04 19:26:55',1),(1599262621,43,0,43,'2020-09-04 19:37:01',9),(1599263897,48,48,0,'2020-09-04 19:58:17',34),(1599264944,59,0,59,'2020-09-04 20:15:44',32),(1599265869,80,4,76,'2020-09-04 20:31:09',38),(1599267002,87,0,87,'2020-09-04 20:50:02',25),(1599275076,91,3,88,'2020-09-04 23:04:36',1594207992),(1599275236,43,0,43,'2020-09-04 23:07:16',3),(1599276265,101,10,91,'2020-09-04 23:24:25',29),(1599285414,61,0,61,'2020-09-05 01:56:54',38),(1599305343,116,2,114,'2020-09-05 07:29:03',13),(1599314623,39,0,39,'2020-09-05 10:03:43',21),(1599322899,53,2,51,'2020-09-05 12:21:39',19),(1599332529,40,0,40,'2020-09-05 15:02:09',34),(1599339516,63,5,58,'2020-09-05 16:58:36',33),(1599339604,35,0,35,'2020-09-05 17:00:04',2),(1599339899,53,3,50,'2020-09-05 17:04:59',25),(1599342248,60,10,50,'2020-09-05 17:44:08',33),(1599342736,117,1,116,'2020-09-05 17:52:16',13),(1599345458,64,2,62,'2020-09-04 18:37:38',30),(1599345486,68,0,68,'2020-09-05 18:38:06',30),(1599345545,78,0,78,'2020-09-05 18:39:05',1594207992),(1599347145,68,0,68,'2020-09-05 19:05:45',12),(1599402000,76,1,75,'2020-09-04 00:00:00',40),(1599402107,112,6,106,'2020-09-04 00:00:00',37),(1599402140,136,1,135,'2020-09-05 00:00:00',37),(1599427139,32,2,30,'2020-09-06 17:18:59',38),(1599488174,25,0,25,'2020-09-07 10:16:14',2),(1599491293,53,0,53,'2020-09-07 11:08:13',31),(1599498466,61,0,61,'2020-09-07 13:07:46',5),(1599499156,78,0,78,'2020-09-02 00:00:00',5),(1599503662,76,0,76,'2020-09-07 14:34:22',34),(1599504286,71,0,71,'2020-09-07 14:44:46',12),(1599505370,47,0,47,'2020-09-07 15:02:50',39),(1599509356,50,2,48,'2020-09-07 16:09:16',12),(1599518430,40,0,40,'2020-09-07 18:40:30',9),(1599521134,70,0,70,'2020-09-07 19:25:34',13),(1599526718,54,0,54,'2020-09-07 20:58:38',34),(1599527587,33,0,33,'2020-09-07 21:13:07',30),(1599531472,58,5,53,'2020-09-07 22:17:52',38),(1599534409,25,11,14,'2020-09-07 00:00:00',17),(1599534499,56,3,53,'2020-09-03 00:00:00',17),(1599574046,73,0,73,'2020-09-08 10:07:26',18),(1599574114,56,0,56,'2020-09-03 00:00:00',1),(1599574139,63,0,63,'2020-09-04 00:00:00',18),(1599574160,77,0,77,'2020-09-05 00:00:00',18),(1599574759,54,0,54,'2020-09-08 10:19:19',2),(1599577574,60,0,60,'2020-09-08 11:06:14',21),(1599578732,39,20,19,'2020-09-08 11:25:32',34),(1599585482,30,0,30,'2020-09-08 13:18:02',3),(1599588279,53,0,53,'2020-09-08 14:04:39',7),(1599588825,57,0,57,'2020-09-08 14:13:45',38),(1599592674,25,1,24,'2020-09-08 15:17:54',33),(1599599992,41,0,41,'2020-09-08 17:19:52',3),(1599600599,76,0,76,'2020-09-08 17:29:59',2),(1599600721,63,0,63,'2020-09-08 17:32:01',21),(1599600785,89,0,89,'2020-09-08 17:33:05',5),(1599601418,71,0,71,'2020-09-08 17:43:38',1594207992),(1599603749,49,0,49,'2020-09-08 18:22:29',20),(1599604200,74,2,72,'2020-09-08 18:30:00',29),(1599604698,40,0,40,'2020-09-08 18:38:18',34),(1599607806,24,10,14,'2020-09-08 19:30:06',38),(1599608851,57,3,54,'2020-09-08 19:47:31',19),(1599610277,94,1,93,'2020-09-08 00:00:00',37),(1599610453,84,0,84,'2020-09-05 00:00:00',40),(1599610483,91,0,91,'2020-09-08 00:00:00',40),(1599612343,67,3,64,'2020-09-08 20:45:43',1),(1599613760,125,0,125,'2020-09-08 21:09:20',13),(1599613867,74,0,74,'2020-09-08 21:11:07',9),(1599616353,65,0,65,'2020-09-08 21:52:33',34),(1599617386,54,4,50,'2020-09-08 22:09:46',38),(1599658923,86,9,77,'2020-09-09 09:42:03',3),(1599661838,56,0,56,'2020-09-09 10:30:38',18),(1599661847,39,13,26,'2020-09-09 10:30:47',3),(1599662007,36,0,36,'2020-09-09 10:33:27',37),(1599663901,38,19,19,'2020-09-09 11:05:01',1597956046),(1599665749,40,0,40,'2020-09-09 11:35:49',19),(1599671555,32,0,32,'2020-09-09 13:12:35',1),(1599675801,60,0,60,'2020-09-08 14:23:21',1),(1599678986,27,0,27,'2020-09-09 15:16:26',9),(1599681536,46,0,46,'2020-09-09 15:58:56',20),(1599682048,38,1,37,'2020-09-09 16:07:28',3),(1599684067,77,0,77,'2020-09-09 16:41:07',13),(1599684234,59,2,57,'2020-09-08 16:43:54',30),(1599684269,39,0,39,'2020-09-09 16:44:29',1),(1599686390,32,3,29,'2020-09-09 17:19:50',34),(1599686539,24,0,24,'2020-09-09 17:22:19',3),(1599688691,53,0,53,'2020-09-09 17:58:11',2),(1599688794,60,0,60,'2020-09-09 17:59:54',21),(1599691454,45,0,45,'2020-09-09 18:44:14',2),(1599691556,67,7,60,'2020-09-09 18:45:56',29),(1599695153,54,5,49,'2020-09-09 19:45:53',9),(1599702216,40,2,38,'2020-09-08 21:43:36',38),(1599702252,57,2,55,'2020-09-09 21:44:12',38),(1599710620,66,22,44,'2020-09-10 00:03:40',21),(1599710650,66,0,0,'2020-09-10 00:04:10',21),(1599738789,41,1,40,'2020-09-09 07:53:09',5),(1599746907,59,0,59,'2020-09-10 10:08:27',21),(1599748737,57,0,57,'2020-09-10 10:38:57',2),(1599748955,30,8,22,'2020-09-10 10:42:35',33),(1599749479,22,3,19,'2020-09-10 10:51:19',1),(1599751217,72,0,72,'2020-09-10 11:20:17',18),(1599762750,58,2,56,'2020-09-10 14:32:30',38),(1599764915,59,28,31,'2020-07-23 00:00:00',1595346684),(1599765018,67,0,67,'2020-09-10 15:10:18',3),(1599765049,37,0,37,'2020-07-30 00:00:00',1595346684),(1599768613,102,2,100,'2020-09-10 16:10:13',13),(1599769080,26,0,26,'2020-08-10 00:00:00',27),(1599769110,30,0,30,'2020-08-12 00:00:00',27),(1599769126,25,0,25,'2020-08-17 00:00:00',27),(1599769148,61,0,61,'2020-08-18 00:00:00',27),(1599769166,62,0,62,'2020-08-19 00:00:00',27),(1599769207,50,0,50,'2020-08-20 00:00:00',27),(1599769225,43,0,43,'2020-08-22 00:00:00',30),(1599769246,50,2,48,'2020-08-11 00:00:00',27),(1599769262,46,0,46,'2020-08-25 00:00:00',27),(1599769834,74,0,74,'2020-09-09 00:00:00',40),(1599770408,46,1,45,'2020-09-10 16:40:08',20),(1599771081,47,5,42,'2020-09-10 16:51:21',3),(1599771922,48,0,48,'2020-09-10 17:05:22',3),(1599773318,34,2,32,'2020-09-10 17:28:38',31),(1599774929,41,0,41,'2020-09-10 17:55:29',2),(1599775060,62,2,60,'2020-09-10 17:57:40',1),(1599776208,43,0,43,'2020-09-10 18:16:48',30),(1599776424,56,18,38,'2020-09-10 18:20:24',34),(1599776951,89,3,86,'2020-09-10 18:29:11',1594207992),(1599777183,80,42,38,'2020-09-07 00:00:00',29),(1599777205,80,0,80,'2020-09-08 00:00:00',3),(1599777359,71,2,69,'2020-09-10 18:35:59',34),(1599779724,19,0,19,'2020-09-10 19:15:24',3),(1599782705,41,25,16,'2020-09-10 20:05:05',23),(1599783575,37,0,37,'2020-09-10 20:19:35',32),(1599786185,49,9,40,'2020-09-10 21:03:05',3),(1599786367,55,0,55,'2020-09-10 21:06:07',34),(1599791070,50,0,50,'2020-09-10 22:24:30',39),(1599795762,46,0,46,'2020-09-10 23:42:42',5),(1599818210,53,1,52,'2020-09-10 05:56:50',38),(1599831736,44,17,27,'2020-09-11 09:42:16',37),(1599839594,47,1,46,'2020-09-10 00:00:00',3),(1599840539,29,28,1,'2020-09-11 12:08:59',17),(1599849288,65,0,65,'2020-09-11 00:00:00',3),(1599849534,29,0,29,'2020-09-11 14:38:54',12),(1599851591,65,5,60,'2020-09-11 15:13:11',38),(1599853063,96,0,96,'2020-09-11 15:37:43',13),(1599855043,31,0,31,'2020-09-11 16:10:43',24),(1599855195,64,0,64,'2020-09-11 16:13:15',1),(1599857524,53,27,26,'2020-09-11 16:52:04',21),(1599858091,30,4,26,'2020-09-11 17:01:31',29),(1599858187,61,0,61,'2020-09-10 17:03:07',29),(1599858447,58,0,58,'2020-09-11 17:07:27',25),(1599859300,42,0,42,'2020-09-11 17:21:40',3),(1599859341,51,0,51,'2020-09-11 17:22:21',31),(1599859743,67,1,66,'2020-09-11 17:29:03',1594207992),(1599862073,65,8,57,'2020-09-11 18:07:53',2),(1599863162,45,0,45,'2020-09-11 18:26:02',9),(1599865541,69,0,69,'2020-09-11 19:05:41',34),(1599865591,49,0,49,'2020-09-11 19:06:31',2),(1599869628,65,1,64,'2020-09-11 20:13:48',38),(1599870890,46,0,46,'2020-09-11 20:34:50',3),(1599931314,40,0,40,'2020-09-12 13:21:54',34),(1599935892,62,1,61,'2020-09-12 14:38:12',12),(1599936273,40,10,30,'2020-09-12 14:44:33',31),(1599938301,47,4,43,'2020-09-12 15:18:21',33),(1599939462,33,1,32,'2020-09-12 15:37:42',34),(1599941685,59,0,59,'2020-09-12 16:14:45',34),(1599942879,61,0,61,'2020-09-12 16:34:39',18),(1599943960,141,2,139,'2020-09-12 16:52:40',13),(1599943969,55,0,55,'2020-09-11 16:52:49',1),(1599943996,56,2,54,'2020-09-12 16:53:16',30),(1599947186,83,1,82,'2020-09-12 17:46:26',1594207992),(1599947924,71,4,67,'2020-09-12 17:58:44',19),(1600098793,48,0,48,'2020-09-14 11:53:13',21),(1600105688,12,0,12,'2020-09-14 13:48:08',31),(1600108302,43,0,43,'2020-09-14 14:31:42',34),(1600112364,40,2,38,'2020-09-14 15:39:24',3),(1600116359,64,4,60,'2020-09-14 16:45:59',34),(1600117225,26,0,26,'2020-09-14 17:00:25',11),(1600120811,40,0,40,'2020-09-14 18:00:11',29),(1600123018,39,3,36,'2020-09-14 18:36:58',38),(1600123197,40,1,39,'2020-08-28 00:00:00',38),(1600123276,86,0,86,'2020-09-14 00:00:00',40),(1600123352,30,0,30,'2020-09-12 00:00:00',3),(1600123388,90,2,88,'2020-09-11 00:00:00',37),(1600123403,114,0,114,'2020-09-12 00:00:00',37),(1600123451,30,4,26,'2020-09-10 00:00:00',37),(1600123967,56,0,56,'2020-08-28 00:00:00',3),(1600124001,51,0,51,'2020-09-02 00:00:00',3),(1600124018,53,0,53,'2020-09-03 00:00:00',3),(1600124036,42,0,42,'2020-09-04 00:00:00',3),(1600124052,39,0,39,'2020-09-08 00:00:00',3),(1600124066,21,0,21,'2020-09-09 00:00:00',3),(1600124083,45,1,44,'2020-09-10 00:00:00',3),(1600124099,53,0,53,'2020-09-11 00:00:00',3),(1600124155,71,3,68,'2020-09-14 00:00:00',37),(1600127744,35,2,33,'2020-09-14 19:55:44',38),(1600128133,52,5,47,'2020-09-09 00:00:00',38),(1600128729,56,1,55,'2020-09-14 20:12:09',1593758827),(1600132513,43,2,41,'2020-09-14 00:00:00',3),(1600134015,72,6,66,'2020-09-14 21:40:15',34),(1600177049,46,0,46,'2020-09-14 00:00:00',3),(1600177360,40,0,40,'2020-09-14 00:00:00',3),(1600177643,34,0,34,'2020-09-15 09:47:23',3),(1600178007,75,7,68,'2020-09-15 09:53:27',18),(1600180294,72,0,72,'2020-09-15 10:31:34',2),(1600180596,31,-1,32,'2020-09-15 10:36:36',19),(1600193745,33,0,33,'2020-09-15 14:15:45',3),(1600196996,85,1,84,'2020-09-15 15:09:56',29),(1600197923,28,2,26,'2020-09-15 15:25:23',3),(1600198766,43,1,42,'2020-09-15 15:39:26',1594207992),(1600199825,26,2,24,'2020-09-15 15:57:05',39),(1600199835,50,0,50,'2020-09-15 15:57:15',21),(1600200647,55,0,55,'2020-09-15 16:10:47',1),(1600201694,33,0,33,'2020-09-15 16:28:14',34),(1600202209,47,0,47,'2020-09-15 16:36:49',3),(1600203337,44,0,44,'2020-09-15 16:55:37',20),(1600203853,33,3,30,'2020-09-15 17:04:13',29),(1600204521,62,0,62,'2020-09-15 17:15:21',34),(1600204812,49,0,49,'2020-09-15 17:20:12',2),(1600208755,53,0,53,'2020-09-15 18:25:55',21),(1600215217,40,1,39,'2020-09-15 20:13:37',34),(1600215802,63,1,62,'2020-09-15 00:00:00',37),(1600215836,33,0,33,'2020-09-15 00:00:00',3),(1600217836,54,2,52,'2020-09-15 20:57:16',38),(1600223799,44,0,44,'2020-09-15 22:36:39',5),(1600224065,67,2,65,'2020-09-15 22:41:05',2),(1600262051,67,2,65,'2020-09-11 00:00:00',5),(1600265257,41,0,41,'2020-09-15 00:00:00',3),(1600265706,47,0,47,'2020-09-16 10:15:06',2),(1600266001,66,0,66,'2020-09-16 10:20:01',18),(1600274210,24,2,22,'2020-09-16 12:36:50',37),(1600279653,38,1,37,'2020-09-16 14:07:33',12),(1600281033,38,0,38,'2020-09-16 14:30:33',24),(1600281344,18,3,15,'2020-09-16 14:35:44',27),(1600282225,33,0,33,'2020-09-16 14:50:25',29),(1600286310,37,0,37,'2020-09-16 15:58:30',1),(1600287343,77,0,77,'2020-09-16 16:15:43',34),(1600287581,35,0,35,'2020-09-16 16:19:41',34),(1600288951,103,2,101,'2020-09-16 16:42:31',29),(1600289781,48,0,48,'2020-09-16 16:56:21',20),(1600290930,54,15,39,'2020-09-16 17:15:30',23),(1600292513,58,0,58,'2020-09-16 17:41:53',1594207992),(1600295255,55,3,52,'2020-09-16 18:27:35',19),(1600296172,66,0,66,'2020-09-16 18:42:52',2),(1600296402,42,0,42,'2020-09-16 18:46:42',32),(1600300388,88,0,88,'2020-09-16 00:00:00',37),(1600300415,82,0,82,'2020-09-16 00:00:00',40),(1600300647,85,3,82,'2020-09-16 00:00:00',3),(1600302034,11,0,11,'2020-09-16 00:00:00',3),(1600302783,41,0,41,'2020-09-16 20:33:03',3),(1600350712,38,0,38,'2020-09-17 09:51:52',2),(1600372642,58,2,56,'2020-09-17 15:57:22',34),(1600372989,43,7,36,'2020-09-17 16:03:09',29),(1600374303,25,0,25,'2020-09-17 16:25:03',34),(1600374704,13,1,12,'2020-09-17 16:31:44',18),(1600375156,52,0,52,'2020-09-17 16:39:16',21),(1600379453,32,0,32,'2020-09-17 17:50:53',1594207992),(1600380088,24,0,24,'2020-09-17 18:01:28',3),(1600382492,34,0,34,'2020-09-17 18:41:32',1),(1600390042,46,2,44,'2020-09-17 20:47:22',32),(1600695071,60,0,60,'2020-09-21 09:31:11',21),(1600712861,50,0,50,'2020-09-21 14:27:41',23),(1600714045,38,1,37,'2020-09-21 14:47:25',3),(1600715604,50,0,50,'2020-09-21 15:13:24',34),(1600723796,45,0,45,'2020-09-17 00:00:00',3),(1600723896,88,0,88,'2020-09-17 00:00:00',37),(1600730512,50,0,50,'2020-09-21 19:21:52',3),(1600737481,48,0,48,'2020-09-21 21:18:01',9),(1600783410,46,0,46,'2020-09-22 10:03:30',18),(1600785477,65,0,65,'2020-09-22 10:37:57',2),(1600795049,19,0,19,'2020-09-22 13:17:29',3),(1600801840,43,0,43,'2020-09-22 15:10:40',29),(1600802028,72,0,72,'2020-09-22 15:13:48',5),(1600802838,61,2,59,'2020-08-22 00:00:00',3),(1600802879,72,9,63,'2020-08-25 00:00:00',3),(1600802892,41,1,40,'2020-08-26 00:00:00',3),(1600802904,34,1,33,'2020-09-22 15:28:24',3),(1600802911,61,6,55,'2020-08-27 00:00:00',3),(1600803006,42,2,40,'2020-08-28 00:00:00',3),(1600803027,47,3,44,'2020-08-29 00:00:00',3),(1600803070,37,0,37,'2020-09-01 00:00:00',3),(1600803087,61,4,57,'2020-09-02 00:00:00',3),(1600803103,69,8,61,'2020-09-03 00:00:00',3),(1600803119,69,1,68,'2020-09-04 00:00:00',3),(1600803158,29,0,29,'2020-09-05 00:00:00',3),(1600803183,43,3,40,'2020-09-08 00:00:00',3),(1600803202,15,0,15,'2020-09-09 00:00:00',3),(1600803216,46,3,43,'2020-09-10 00:00:00',3),(1600803231,46,6,40,'2020-09-11 00:00:00',3),(1600803247,36,0,36,'2020-09-12 00:00:00',3),(1600803261,20,0,20,'2020-09-13 00:00:00',3),(1600803277,17,0,17,'2020-09-16 00:00:00',3),(1600803514,55,1,54,'2020-09-22 15:38:34',12),(1600803888,22,1,21,'2020-09-17 00:00:00',3),(1600804229,47,0,47,'2020-09-22 15:50:29',20),(1600805281,46,3,43,'2020-08-29 00:00:00',33),(1600805295,45,1,44,'2020-08-31 00:00:00',33),(1600806204,40,0,40,'2020-09-22 16:23:24',9),(1600806400,48,3,45,'2020-09-15 00:00:00',38),(1600806427,45,2,43,'2020-09-16 00:00:00',38),(1600806895,50,0,50,'2020-09-22 00:00:00',3),(1600806932,61,0,61,'2020-09-22 16:35:32',38),(1600807772,53,0,53,'2020-09-22 16:49:32',30),(1600808517,81,0,81,'2020-09-22 17:01:57',34),(1600809402,60,0,60,'2020-09-22 17:16:42',21),(1600809610,40,0,40,'2020-09-05 00:00:00',1),(1600811364,31,0,31,'2020-09-22 17:49:24',35),(1600812396,58,0,58,'2020-09-21 00:00:00',40),(1600812420,86,0,86,'2020-09-22 00:00:00',40),(1600812562,50,0,50,'2020-08-21 00:00:00',27),(1600812582,52,0,52,'2020-08-26 00:00:00',27),(1600812610,55,1,54,'2020-08-27 00:00:00',30),(1600812632,33,0,33,'2020-08-28 00:00:00',27),(1600812650,61,0,61,'2020-08-29 00:00:00',27),(1600812671,58,0,58,'2020-09-03 00:00:00',27),(1600812691,58,0,58,'2020-09-04 00:00:00',27),(1600812708,56,0,56,'2020-09-05 00:00:00',1),(1600812727,60,0,60,'2020-09-08 00:00:00',27),(1600812766,30,0,30,'2020-09-09 00:00:00',27),(1600812786,53,0,53,'2020-09-11 00:00:00',30),(1600812810,21,0,21,'2020-09-15 00:00:00',27),(1600812828,25,0,25,'2020-09-16 00:00:00',30),(1600812845,38,0,38,'2020-09-22 00:00:00',33),(1600813110,80,8,72,'2020-09-02 00:00:00',37),(1600813127,63,2,61,'2020-09-03 00:00:00',37),(1600813145,53,0,53,'2020-09-04 00:00:00',27),(1600813159,44,0,44,'2020-09-05 00:00:00',37),(1600813173,50,0,50,'2020-09-08 00:00:00',37),(1600813189,34,0,34,'2020-09-09 00:00:00',37),(1600813203,51,3,48,'2020-09-10 00:00:00',37),(1600813223,51,1,50,'2020-09-11 00:00:00',37),(1600813236,45,0,45,'2020-09-12 00:00:00',37),(1600813250,35,0,35,'2020-09-15 00:00:00',37),(1600813268,35,0,35,'2020-09-16 00:00:00',37),(1600813287,71,9,62,'2020-09-17 00:00:00',37),(1600813528,43,0,43,'2020-08-21 00:00:00',11),(1600813541,45,1,44,'2020-08-25 00:00:00',11),(1600813554,35,3,32,'2020-08-26 00:00:00',11),(1600813604,44,0,44,'2020-08-27 00:00:00',11),(1600813626,54,1,53,'2020-08-28 00:00:00',11),(1600815129,41,0,41,'2020-09-01 00:00:00',11),(1600815149,47,2,45,'2020-09-02 00:00:00',11),(1600815164,40,1,39,'2020-09-03 00:00:00',11),(1600815184,42,0,42,'2020-09-04 00:00:00',11),(1600815207,43,2,41,'2020-09-08 00:00:00',11),(1600815224,20,2,18,'2020-09-10 00:00:00',11),(1600815367,27,0,27,'2020-09-11 00:00:00',11),(1600815542,40,8,32,'2020-09-16 00:00:00',11),(1600815614,56,38,18,'2020-09-16 00:00:00',5),(1600817181,139,2,137,'2020-09-22 19:26:21',29),(1600818444,50,0,50,'2020-09-22 19:47:24',2),(1600818552,55,0,55,'2020-09-22 19:49:12',32),(1600820296,56,0,56,'2020-09-22 20:18:16',3),(1600882304,21,0,21,'2020-09-23 13:31:44',29),(1600884669,112,1,111,'2020-09-21 00:00:00',37),(1600884682,127,3,124,'2020-09-22 00:00:00',37),(1600885171,24,0,24,'2020-09-22 00:00:00',3),(1600887525,79,0,79,'2020-09-23 14:58:45',29),(1600888175,48,1,47,'2020-09-23 15:09:35',12),(1600889391,46,0,46,'2020-09-23 15:29:51',1594207992),(1600892928,58,0,58,'2020-09-23 16:28:48',38),(1600893176,67,0,67,'2020-09-23 00:00:00',40),(1600893753,37,0,37,'2020-09-23 16:42:33',34),(1600894733,50,0,50,'2020-09-23 16:58:53',20),(1600896752,35,2,33,'2020-09-23 17:32:32',34),(1600896847,60,0,60,'2020-09-23 17:34:07',21),(1600898379,36,0,36,'2020-09-23 17:59:39',2),(1600898758,30,0,30,'2020-09-23 18:05:58',32),(1600898822,66,0,66,'2020-09-23 00:00:00',3),(1600899325,77,0,77,'2020-09-23 18:15:25',34),(1600901060,86,3,83,'2020-09-23 18:44:20',18),(1600906340,60,0,60,'2020-09-23 20:12:20',3),(1600916569,25,1,24,'2020-09-23 23:02:49',3),(1600955311,34,12,22,'2020-09-23 00:00:00',28),(1600955673,51,7,44,'2020-09-24 09:54:33',1600955624),(1600957642,33,1,32,'2020-09-24 10:27:22',2),(1600962938,17,0,17,'2020-09-24 11:55:38',5),(1600962956,29,0,29,'2020-09-24 11:55:56',5),(1600963252,19,0,19,'2020-09-24 12:00:52',21),(1600970949,39,0,39,'2020-09-24 14:09:09',18),(1600977960,80,0,80,'2020-09-24 16:06:00',2),(1600981340,41,3,38,'2020-09-24 17:02:20',29),(1600982583,35,0,35,'2020-09-24 17:23:03',2),(1600983584,70,6,64,'2020-09-24 17:39:44',34),(1600984658,57,0,57,'2020-09-24 17:57:38',18),(1600984706,36,0,36,'2020-09-24 17:58:26',3),(1600984715,36,0,36,'2020-09-24 17:58:35',1),(1600986959,56,1,55,'2020-09-24 18:35:59',38),(1600992213,56,4,52,'2020-09-24 20:03:33',2),(1601040041,45,0,45,'2020-09-24 00:00:00',3),(1601040091,42,0,42,'2020-09-23 00:00:00',38),(1601040530,48,0,48,'2020-09-25 09:28:50',21),(1601041630,42,0,42,'2020-09-25 09:47:10',2),(1601054858,40,0,40,'2020-09-25 13:27:38',20),(1601057767,39,0,39,'2020-09-25 14:16:07',2),(1601063044,24,0,24,'2020-09-25 15:44:04',3),(1601063827,68,2,66,'2020-09-25 15:57:07',2),(1601064740,49,0,49,'2020-09-25 16:12:20',21),(1601066698,18,0,18,'2020-09-25 16:44:58',1),(1601068062,60,1,59,'2020-09-24 00:00:00',40),(1601068096,45,1,44,'2020-09-25 00:00:00',40),(1601068162,32,0,32,'2020-09-25 00:00:00',3),(1601069247,35,3,32,'2020-09-25 17:27:27',38),(1601069252,49,0,49,'2020-09-25 17:27:32',20),(1601079723,11,0,11,'2020-09-25 20:22:03',1),(1601079762,30,1,29,'2020-09-25 20:22:42',12),(1601087418,38,21,17,'2020-09-25 22:30:18',1600955624),(1601140407,27,0,27,'2020-09-26 13:13:27',37),(1601144527,35,0,35,'2020-09-26 14:22:07',21),(1601145688,40,0,40,'2020-09-26 14:41:28',21),(1601148137,68,0,68,'2020-09-26 15:22:17',12),(1601149455,61,0,61,'2020-09-26 15:44:15',34),(1601155033,34,3,31,'2020-09-26 17:17:13',3),(1601318228,17,2,15,'2020-09-28 14:37:08',37),(1601318548,41,0,41,'2020-09-28 14:42:28',20),(1601326451,56,3,53,'2020-09-28 16:54:11',12),(1601333735,31,2,29,'2020-09-28 18:55:35',2),(1601334769,30,0,30,'2020-09-28 00:00:00',3),(1601334801,8,0,8,'2020-09-24 00:00:00',37),(1601334818,45,0,45,'2020-09-25 00:00:00',37),(1601334833,79,0,79,'2020-09-26 00:00:00',37),(1601394722,50,0,50,'2020-09-04 00:00:00',1),(1601394749,35,0,35,'2020-09-05 00:00:00',1),(1601394765,37,0,37,'2020-09-08 00:00:00',1),(1601394778,26,0,26,'2020-09-09 00:00:00',1),(1601394807,29,2,27,'2020-09-10 00:00:00',1),(1601394824,40,0,40,'2020-09-11 00:00:00',1),(1601394837,24,0,24,'2020-09-12 00:00:00',1),(1601394850,25,0,25,'2020-09-15 00:00:00',1),(1601394865,30,0,30,'2020-09-16 00:00:00',1),(1601394888,64,0,64,'2020-09-17 00:00:00',1),(1601394904,43,0,43,'2020-09-22 00:00:00',1),(1601405632,41,0,41,'2020-09-29 14:53:52',21),(1601406909,26,0,26,'2020-09-29 15:15:09',3),(1601407433,52,0,52,'2020-09-29 15:23:53',21),(1601407616,61,0,61,'2020-08-25 00:00:00',1),(1601407648,55,0,55,'2020-08-28 00:00:00',1),(1601407660,31,0,31,'2020-08-29 00:00:00',1),(1601407669,55,0,55,'2020-09-01 00:00:00',1),(1601407692,60,3,57,'2020-09-02 00:00:00',1),(1601407718,70,7,63,'2020-09-03 00:00:00',1),(1601407731,55,0,55,'2020-09-04 00:00:00',1),(1601407743,39,0,39,'2020-09-05 00:00:00',1),(1601407756,60,2,58,'2020-09-08 00:00:00',1),(1601407771,30,0,30,'2020-09-09 00:00:00',1),(1601407788,49,0,49,'2020-09-11 00:00:00',1),(1601407799,31,0,31,'2020-09-12 00:00:00',1),(1601407811,13,0,13,'2020-09-14 00:00:00',1),(1601407829,36,1,35,'2020-09-15 00:00:00',1),(1601407845,49,0,49,'2020-09-16 00:00:00',1),(1601407862,20,2,18,'2020-09-17 00:00:00',1),(1601408500,35,14,21,'2020-09-02 00:00:00',1),(1601408519,143,126,17,'2020-09-03 00:00:00',1),(1601408716,88,2,86,'2020-09-29 15:45:16',12),(1601409734,86,0,86,'2020-09-28 00:00:00',40),(1601409757,65,0,65,'2020-09-29 00:00:00',40),(1601410763,77,29,48,'2020-09-16 00:00:00',5),(1601411210,53,1,52,'2020-09-29 00:00:00',37),(1601411261,67,0,67,'2020-09-29 16:27:41',34),(1601411344,36,11,25,'2020-09-09 00:00:00',1),(1601411363,25,7,18,'2020-09-10 00:00:00',1),(1601411395,36,3,33,'2020-09-11 00:00:00',1),(1601411426,36,6,30,'2020-09-12 00:00:00',1),(1601411446,14,10,4,'2020-09-14 00:00:00',1),(1601411809,61,1,60,'2020-09-29 16:36:49',12),(1601412717,47,0,47,'2020-09-29 16:51:57',20),(1601413355,121,2,119,'2020-09-29 17:02:35',29),(1601420793,27,0,27,'2020-09-29 19:06:33',21),(1601421754,74,1,73,'2020-09-29 19:22:34',2),(1601422014,64,2,62,'2020-09-29 19:26:54',1594207992),(1601422898,21,0,21,'2020-09-29 00:00:00',3),(1601424300,66,5,61,'2020-09-29 20:05:00',3),(1601426731,43,0,43,'2020-09-29 20:45:31',2),(1601463715,19,1,18,'2020-09-30 07:01:55',37),(1601477487,70,48,22,'2020-09-29 00:00:00',1601477391),(1601477519,57,37,20,'2020-09-29 00:00:00',1601477391),(1601477546,22,0,22,'2020-09-29 00:00:00',1601477411),(1601487140,54,2,52,'2020-09-30 13:32:20',13),(1601488605,39,3,36,'2020-09-30 13:56:45',1),(1601489170,22,0,22,'2020-09-30 14:06:10',2),(1601489865,42,0,42,'2020-09-30 14:17:45',20),(1601490420,28,0,28,'2020-09-30 14:27:00',23),(1601490725,38,0,38,'2020-09-30 14:32:05',1594207992),(1601491270,38,0,38,'2020-09-30 14:41:10',21),(1601491994,50,0,50,'2020-09-30 00:00:00',40),(1601495176,31,1,30,'2020-09-30 15:46:16',3),(1601505404,33,2,31,'2020-09-30 18:36:44',3),(1601505663,42,4,38,'2020-09-30 18:41:03',37),(1601510357,74,1,73,'2020-09-30 00:00:00',1601477391),(1601510549,47,30,17,'2020-09-30 00:00:00',1601477391),(1601510595,45,25,20,'2020-09-30 00:00:00',1601477411),(1601510621,62,0,62,'2020-09-30 20:03:41',2),(1601510882,29,3,26,'2020-09-30 00:00:00',1601477405),(1601510961,50,3,47,'2020-09-30 00:00:00',1601477399),(1601510994,50,5,45,'2020-09-30 00:00:00',1601477399),(1601511025,50,0,50,'2020-09-30 00:00:00',1601477399),(1601511054,50,25,25,'2020-09-30 00:00:00',1601477399),(1601513690,35,6,29,'2020-09-30 20:54:50',1597956046),(1601513945,41,0,41,'2020-09-30 20:59:05',1596591839),(1601568938,18,0,18,'2020-10-01 12:15:38',1594207992),(1601578742,33,0,33,'2020-10-01 00:00:00',40),(1601581069,54,0,54,'2020-10-01 15:37:49',20),(1601582844,43,2,41,'2020-10-01 16:07:24',16),(1601585641,71,0,71,'2020-10-01 16:54:01',21),(1601587505,33,0,33,'2020-10-01 17:25:05',34),(1601589347,30,0,30,'2020-10-01 17:55:47',37),(1601596801,24,0,24,'2020-10-01 20:00:01',1),(1601598484,56,0,56,'2020-10-01 20:28:04',2),(1601599860,47,5,42,'2020-10-01 20:51:00',3),(1601639356,87,0,87,'2020-10-01 00:00:00',37),(1601639488,42,1,41,'2020-09-30 00:00:00',37),(1601641486,31,2,29,'2020-09-29 00:00:00',38),(1601662845,37,2,35,'2020-10-02 14:20:45',29),(1601671022,41,0,41,'2020-10-02 16:37:02',20),(1601676473,74,10,64,'2020-10-02 18:07:53',2),(1601679610,45,3,42,'2020-10-02 19:00:10',1595346684),(1601694131,22,1,21,'2020-10-02 23:02:11',12),(1601758968,103,0,103,'2020-10-03 17:02:48',12),(1601762153,46,4,42,'2020-10-03 17:55:53',3),(1601770896,62,0,62,'2020-10-03 20:21:36',12),(1601778237,62,2,60,'2020-10-03 22:23:57',1594207992),(1601922627,39,2,37,'2020-10-05 14:30:27',29),(1601926285,38,13,25,'2020-10-05 15:31:25',2),(1601930753,29,0,29,'2020-10-05 16:45:53',20),(1601931730,24,7,17,'2020-10-05 17:02:10',40),(1601932830,36,1,35,'2020-10-02 00:00:00',40),(1601932860,32,1,31,'2020-10-05 00:00:00',40),(1601932913,35,3,32,'2020-10-01 00:00:00',3),(1602003591,19,0,19,'2020-10-06 12:59:51',12),(1602005037,69,0,69,'2020-10-06 13:23:57',34),(1602013995,33,0,33,'2020-10-06 15:53:15',37),(1602016261,30,1,29,'2020-10-06 16:31:01',38),(1602017988,48,0,48,'2020-10-06 16:59:48',34),(1602021861,60,0,60,'2020-10-06 18:04:21',20),(1602024261,45,3,42,'2020-10-06 18:44:21',1),(1602029703,139,72,67,'2020-10-01 00:00:00',1601477391),(1602029737,23,0,23,'2020-10-02 00:00:00',1601477391),(1602029764,42,0,42,'2020-10-06 00:00:00',1601477391),(1602029887,32,3,29,'2020-10-01 00:00:00',1601477411),(1602029945,50,2,48,'2020-10-01 00:00:00',1601477405),(1602029961,32,15,17,'2020-10-02 00:00:00',1601477405),(1602030098,59,7,52,'2020-10-05 00:00:00',1601477405),(1602030116,50,2,48,'2020-10-06 00:00:00',1601477405),(1602030154,38,0,38,'2020-10-01 00:00:00',1601477399),(1602030168,50,0,50,'2020-10-02 00:00:00',1601477399),(1602030188,33,1,32,'2020-10-03 00:00:00',1601477399),(1602030203,48,1,47,'2020-10-05 00:00:00',1601477399),(1602030318,40,0,40,'2020-10-01 00:00:00',1601477399),(1602030350,50,0,50,'2020-10-02 00:00:00',1601477399),(1602030370,36,5,31,'2020-10-03 00:00:00',1601477399),(1602030392,34,2,32,'2020-10-05 00:00:00',1601477399),(1602030408,25,0,25,'2020-10-06 00:00:00',1601477399),(1602030502,40,35,5,'2020-10-03 00:00:00',1601477399),(1602030521,43,12,31,'2020-10-05 00:00:00',1601477399),(1602030660,62,13,49,'2020-10-02 00:00:00',1601477399),(1602030709,68,5,63,'2020-10-05 00:00:00',1601477399),(1602030836,34,0,34,'2020-10-05 00:00:00',1601477399),(1602030851,11,1,10,'2020-10-06 00:00:00',1601477399),(1602030988,36,1,35,'2020-10-05 00:00:00',1601477399),(1602031068,34,0,34,'2020-10-05 00:00:00',1601477399),(1602031140,50,0,50,'2020-10-05 00:00:00',1601477405),(1602031154,44,0,44,'2020-10-06 00:00:00',1601477405),(1602031252,51,0,51,'2020-10-06 00:00:00',1601477405),(1602031352,14,0,14,'2020-10-02 00:00:00',3),(1602031397,56,0,56,'2020-10-05 00:00:00',18),(1602031423,55,0,55,'2020-10-06 00:00:00',33),(1602031474,52,0,52,'2020-10-06 00:00:00',40),(1602032937,49,0,49,'2020-10-06 00:00:00',13),(1602033019,18,0,18,'2020-10-02 00:00:00',3),(1602033676,75,0,75,'2020-10-06 21:21:16',34),(1602035293,49,5,44,'2020-10-06 21:48:13',34),(1602036427,82,0,82,'2020-10-06 22:07:07',1594207992),(1602087310,61,19,42,'2020-10-07 12:15:10',1601477391),(1602093424,36,0,36,'2020-10-07 13:57:04',21),(1602094471,38,0,38,'2020-10-07 14:14:31',1595346064),(1602094838,38,3,35,'2020-10-07 14:20:38',33),(1602102018,50,0,50,'2020-10-07 16:20:18',20),(1602110671,36,4,32,'2020-10-06 18:44:31',1),(1602110706,38,3,35,'2020-10-07 18:45:06',1600955624),(1602113362,62,0,62,'2020-10-07 19:29:22',34),(1602120669,97,4,93,'2020-10-07 21:31:09',34),(1602124046,51,15,36,'2020-10-07 22:27:26',2),(1602149600,48,0,48,'2020-10-08 05:33:20',1601477405),(1602156855,54,32,22,'2020-10-08 07:34:15',3),(1602165984,48,0,48,'2020-10-07 00:00:00',20),(1602173002,58,5,53,'2020-10-08 12:03:22',1601477391),(1602181869,32,2,30,'2020-10-08 14:31:09',9),(1602184985,36,3,33,'2020-10-08 15:23:05',31),(1602187012,29,1,28,'2020-10-08 15:56:52',1601477405),(1602190864,30,0,30,'2020-10-08 17:01:04',1595346684),(1602191592,40,0,40,'2020-10-08 17:13:12',1596591839),(1602206068,64,13,51,'2020-10-08 21:14:28',5),(1602249734,32,6,26,'2020-10-09 09:22:14',1),(1602250596,30,6,24,'2020-10-09 09:36:36',25),(1602251281,30,3,27,'2020-10-08 09:48:01',1),(1602251323,52,1,51,'2020-10-08 00:00:00',20),(1602261750,44,14,30,'2020-10-09 12:42:30',1601477391),(1602262901,27,0,27,'2020-10-09 13:01:41',1595346064),(1602273672,30,0,30,'2020-10-09 16:01:12',1594207992),(1602274880,31,0,31,'2020-10-09 16:21:20',2),(1602275804,50,1,49,'2020-10-09 16:36:44',1601477405),(1602279634,30,2,28,'2020-10-08 17:40:34',1),(1602279694,28,0,28,'2020-10-09 17:41:34',9),(1602279874,24,10,14,'2020-10-08 17:44:34',1),(1602279944,29,1,28,'2020-10-09 17:45:44',19),(1602281990,52,0,52,'2020-10-09 18:19:50',1596591839),(1602282399,28,0,28,'2020-10-09 18:26:39',1),(1602291691,34,7,27,'2020-10-09 21:01:31',1),(1602329412,19,2,17,'2020-10-10 07:30:12',1594207992),(1602329580,29,4,25,'2020-10-10 07:33:00',37),(1602345024,18,0,18,'2020-10-10 11:50:24',1601477391),(1602363372,35,0,35,'2020-10-10 16:56:12',1600955624),(1602624213,27,4,23,'2020-10-13 00:00:00',12),(1602624254,24,0,24,'2020-10-13 17:24:14',28),(1602624273,27,16,11,'2020-10-10 00:00:00',1),(1602624338,12,0,12,'2020-10-08 00:00:00',37),(1602624645,47,0,47,'2020-10-07 00:00:00',1601477405),(1602624678,40,0,40,'2020-10-08 00:00:00',1601477405),(1602624713,36,0,36,'2020-10-09 00:00:00',1601477405),(1602625054,49,2,47,'2020-10-08 00:00:00',1601477399),(1602626310,20,5,15,'2020-10-13 17:58:30',1601477405),(1602626486,20,2,18,'2020-10-13 18:01:26',1),(1602627841,23,1,22,'2020-10-13 18:24:01',1),(1602628451,23,2,21,'2020-10-13 18:34:11',37),(1602639603,26,0,26,'2020-10-13 21:40:03',1600955624),(1602671758,25,1,24,'2020-10-14 06:35:58',1),(1602671799,31,8,23,'2020-10-13 06:36:39',1),(1602674674,20,0,20,'2020-10-16 07:24:34',1),(1602693419,89,0,89,'2020-10-07 00:00:00',3),(1602693472,60,0,60,'2020-10-08 00:00:00',18),(1602693504,48,0,48,'2020-10-09 00:00:00',3),(1602693551,35,0,35,'2020-10-13 00:00:00',33),(1602693574,54,0,54,'2020-10-14 12:39:34',9),(1602693733,37,0,37,'2020-10-08 00:00:00',40),(1602693795,49,25,24,'2020-10-07 00:00:00',33),(1602694228,63,2,61,'2020-10-03 00:00:00',1601477399),(1602694285,56,0,56,'2020-09-22 00:00:00',38),(1602694323,87,33,54,'2020-10-14 12:52:03',1601477391),(1602701239,25,1,24,'2020-10-14 14:47:19',2),(1602702861,34,4,30,'2020-10-14 15:14:21',1),(1602704152,37,0,37,'2020-10-14 15:35:52',1594207992),(1602705094,25,3,22,'2020-10-14 15:51:34',2),(1602705360,26,0,26,'2020-10-14 15:56:00',27),(1602705401,39,5,34,'2020-10-02 00:00:00',37),(1602705452,146,0,146,'2020-10-03 00:00:00',37),(1602705472,37,0,37,'2020-10-06 00:00:00',37),(1602705489,60,2,58,'2020-10-07 00:00:00',37),(1602705519,43,1,42,'2020-10-08 00:00:00',37),(1602706758,27,1,26,'2020-10-14 16:19:18',1595346684),(1602707078,25,0,25,'2020-10-14 16:24:38',2),(1602707420,68,0,68,'2020-10-14 16:30:20',34),(1602708053,52,0,52,'2020-10-14 16:40:53',37),(1602708560,36,4,32,'2020-10-14 16:49:20',1601477405),(1602714246,39,0,39,'2020-10-14 00:00:00',34),(1602717412,59,3,56,'2020-10-14 19:16:52',1596591839),(1602722442,40,0,40,'2020-10-14 20:40:42',17),(1602724188,56,3,53,'2020-10-14 21:09:48',2),(1602757563,25,0,25,'2020-10-15 06:26:03',1595463186),(1602768891,31,1,30,'2020-10-14 00:00:00',37),(1602769040,45,0,45,'2020-10-10 00:00:00',37),(1602775624,52,5,47,'2020-10-15 11:27:04',1595346684),(1602780441,61,4,57,'2020-10-15 12:47:21',1601477391),(1602788850,25,1,24,'2020-10-15 15:07:30',1597956046),(1602789196,25,0,25,'2020-10-15 15:13:16',1596591839),(1602789366,25,0,25,'2020-10-15 15:16:06',1600955624),(1602790181,25,1,24,'2020-10-15 15:29:41',3),(1602792838,38,0,38,'2020-10-15 16:13:58',29),(1602798299,35,0,35,'2020-10-14 00:00:00',33),(1602798372,108,1,107,'2020-10-10 00:00:00',37),(1602798487,40,8,32,'2020-10-09 00:00:00',3),(1602798506,26,1,25,'2020-10-13 00:00:00',3),(1602798529,38,13,25,'2020-10-14 00:00:00',3),(1602798557,28,0,28,'2020-10-15 00:00:00',3),(1602802576,35,2,33,'2020-10-15 18:56:16',1),(1602803238,45,1,44,'2020-10-15 19:07:18',34),(1602807214,38,0,38,'2020-10-15 20:13:34',34),(1602807409,51,0,51,'2020-10-15 00:00:00',31),(1602809789,25,0,25,'2020-10-15 20:56:29',1595346684),(1602843610,25,1,24,'2020-10-14 06:20:10',1),(1602848128,20,2,18,'2020-10-19 07:35:28',1),(1602851340,32,6,26,'2020-10-15 00:00:00',19),(1602851394,19,4,15,'2020-10-15 00:00:00',33),(1602864393,20,0,20,'2020-10-16 12:06:33',1595463186),(1602866479,14,1,13,'2020-10-16 12:41:19',1601477391),(1602866773,20,1,19,'2020-10-16 12:46:13',1594207992),(1602872740,20,0,20,'2020-10-16 14:25:40',1594207992),(1602874605,28,0,28,'2020-10-16 14:56:45',1595346684),(1602879974,20,0,20,'2020-10-16 16:26:14',1593758827),(1602883903,38,1,37,'2020-10-16 17:31:43',34),(1602884945,22,0,22,'2020-10-16 17:49:05',1596591839),(1602890293,73,0,73,'2020-10-16 19:18:13',20),(1602890639,53,0,53,'2020-10-16 19:23:59',1595345881),(1602892051,30,0,30,'2020-10-16 19:47:31',1594207992),(1602944191,20,2,18,'2020-09-30 00:00:00',1),(1602957853,34,0,34,'2020-10-17 14:04:13',1600955624),(1602960122,25,1,24,'2020-10-17 14:42:02',5),(1602962830,80,0,80,'2020-10-17 15:27:10',12),(1602963372,28,2,26,'2020-10-17 15:36:12',3),(1602964775,26,0,26,'2020-10-17 15:59:35',19),(1603122511,13,2,11,'2020-10-16 00:00:00',3),(1603123062,26,2,24,'2020-10-14 00:00:00',33),(1603123131,24,3,21,'2020-10-15 00:00:00',3),(1603126153,15,0,15,'2020-10-19 12:49:13',34),(1603129977,20,2,18,'2020-10-19 13:52:57',38),(1603144588,41,0,41,'2020-10-19 17:56:28',1595345881),(1603199768,22,2,20,'2020-10-16 09:16:08',23),(1603200459,20,3,17,'2020-10-19 09:27:39',23),(1603205225,32,0,32,'2020-10-19 00:00:00',33),(1603205297,17,1,16,'2020-10-08 00:00:00',33),(1603205409,25,0,25,'2020-10-16 00:00:00',29),(1603205604,51,3,48,'2020-10-16 00:00:00',37),(1603205679,34,17,17,'2020-10-16 00:00:00',37),(1603205701,30,1,29,'2020-10-17 00:00:00',34),(1603205752,31,0,31,'2020-10-19 00:00:00',1593758827),(1603205816,39,22,17,'2020-10-16 00:00:00',1595346684),(1603205977,46,2,44,'2020-09-21 00:00:00',1595461985),(1603206004,55,12,43,'2020-09-22 00:00:00',1600955624),(1603206032,50,18,32,'2020-09-23 00:00:00',15),(1603206051,50,23,27,'2020-09-24 00:00:00',35),(1603206078,50,3,47,'2020-09-25 00:00:00',15),(1603206115,46,0,46,'2020-09-28 00:00:00',1595345881),(1603206147,55,11,44,'2020-09-29 00:00:00',35),(1603206204,50,0,50,'2020-10-02 00:00:00',1595345881),(1603206221,30,0,30,'2020-10-03 00:00:00',1595461985),(1603206246,53,15,38,'2020-10-05 00:00:00',15),(1603206266,49,6,43,'2020-10-06 00:00:00',15),(1603206284,50,6,44,'2020-10-07 00:00:00',15),(1603206306,34,0,34,'2020-10-08 00:00:00',1600955624),(1603206332,40,1,39,'2020-10-10 00:00:00',34),(1603206354,40,6,34,'2020-10-13 00:00:00',16),(1603206372,56,2,54,'2020-10-14 00:00:00',1596591839),(1603206399,50,4,46,'2020-10-15 00:00:00',35),(1603206421,51,4,47,'2020-10-16 00:00:00',35),(1603206441,39,0,39,'2020-10-19 00:00:00',22),(1603206827,63,0,63,'2020-10-07 00:00:00',1593758827),(1603206847,60,0,60,'2020-10-08 00:00:00',37),(1603210951,25,0,25,'2020-10-20 12:22:31',37),(1603212992,25,0,25,'2020-10-20 12:56:32',34),(1603215341,54,1,53,'2020-10-20 13:35:41',38),(1603222038,37,5,32,'2020-10-20 15:27:18',34),(1603222561,25,1,24,'2020-10-20 15:36:01',27),(1603224039,40,0,40,'2020-10-20 16:00:39',1595346684),(1603224598,25,0,25,'2020-10-20 16:09:58',37),(1603233343,52,2,50,'2020-10-20 18:35:43',1600955624),(1603235288,40,0,40,'2020-10-20 00:00:00',33),(1603235762,34,4,30,'2020-07-10 00:00:00',3),(1603235838,34,4,30,'2020-10-07 00:00:00',3),(1603235960,51,1,50,'2020-10-20 00:00:00',3),(1603237775,21,1,20,'2020-10-16 00:00:00',37),(1603237805,41,0,41,'2020-10-17 00:00:00',37),(1603239097,36,4,32,'2020-10-20 00:00:00',1593758827),(1603240242,38,25,13,'2020-10-20 20:30:42',25),(1603240478,24,2,22,'2020-10-10 20:34:38',1),(1603240582,15,0,15,'2020-10-13 20:36:22',1),(1603240686,28,0,28,'2020-10-14 20:38:06',1),(1603241318,15,5,10,'2020-10-15 20:48:38',34),(1603241372,15,4,11,'2020-10-20 20:49:32',40),(1603243838,33,7,26,'2020-10-20 21:30:38',1),(1603244080,44,0,44,'2020-10-17 21:34:40',1),(1603244195,37,6,31,'2020-10-16 21:36:35',1),(1603244286,62,6,56,'2020-10-14 21:38:06',1),(1603244344,35,4,31,'2020-10-10 21:39:04',1),(1603244440,46,12,34,'2020-10-08 21:40:40',1),(1603244478,34,10,24,'2020-10-07 21:41:18',1),(1603244522,52,3,49,'2020-10-06 21:42:02',1),(1603244586,23,0,23,'2020-10-02 21:43:06',1),(1603244632,30,0,30,'2020-10-01 21:43:52',1),(1603244668,63,6,57,'2020-09-30 21:44:28',1),(1603244723,31,2,29,'2020-09-29 21:45:23',1),(1603246303,54,5,49,'2020-10-20 22:11:43',15),(1603248853,25,0,25,'2020-10-20 22:54:13',1593758827),(1603279562,36,0,36,'2020-10-20 07:26:02',1),(1603284005,63,0,63,'2020-09-22 00:00:00',1),(1603284062,34,3,31,'2020-09-24 00:00:00',1),(1603284088,24,0,24,'2020-09-25 00:00:00',1),(1603284137,78,0,78,'2020-09-26 00:00:00',1),(1603284161,42,3,39,'2020-10-09 00:00:00',1),(1603284203,55,0,55,'2020-10-15 00:00:00',1),(1603284919,31,0,31,'2020-09-23 00:00:00',1),(1603284943,19,0,19,'2020-09-25 00:00:00',1),(1603284976,33,3,30,'2020-09-06 00:00:00',1),(1603285048,30,3,27,'2020-09-21 00:00:00',1),(1603285070,50,0,50,'2020-09-22 00:00:00',1),(1603285105,33,3,30,'2020-09-26 00:00:00',1),(1603285128,26,1,25,'2020-09-29 00:00:00',1),(1603285152,26,0,26,'2020-09-30 00:00:00',1),(1603285189,28,0,28,'2020-10-01 00:00:00',1),(1603285234,13,1,12,'2020-10-02 00:00:00',1),(1603285253,25,8,17,'2020-10-05 00:00:00',1),(1603285278,50,0,50,'2020-10-06 00:00:00',1),(1603285314,30,0,30,'2020-10-08 00:00:00',1),(1603285330,18,2,16,'2020-10-09 00:00:00',1),(1603285432,24,0,24,'2020-10-10 00:00:00',1),(1603285450,30,0,30,'2020-10-14 00:00:00',1),(1603285469,29,0,29,'2020-10-15 00:00:00',1),(1603285499,17,0,17,'2020-10-16 00:00:00',1),(1603285514,30,0,30,'2020-10-17 00:00:00',1),(1603298141,25,1,24,'2020-10-21 12:35:41',11),(1603300012,29,0,29,'2020-10-21 13:06:52',2),(1603300756,34,2,32,'2020-10-21 13:19:16',38),(1603302759,25,0,25,'2020-10-21 13:52:39',1593758827),(1603310478,39,0,39,'2020-10-21 16:01:18',1600955624),(1603312539,110,2,108,'2020-10-21 16:35:39',1),(1603312802,89,13,76,'2020-10-21 16:40:02',18),(1603320441,26,0,26,'2020-10-21 18:47:21',3),(1603324147,37,0,37,'2020-10-21 19:49:07',2),(1603324212,13,2,11,'2020-09-22 00:00:00',1),(1603324265,24,0,24,'2020-09-23 00:00:00',1595346684),(1603324404,20,0,20,'2020-09-24 00:00:00',1593758827),(1603324504,20,0,20,'2020-09-25 00:00:00',17),(1603324553,20,7,13,'2020-09-26 00:00:00',37),(1603324590,24,9,15,'2020-09-28 00:00:00',17),(1603324648,20,0,20,'2020-09-30 00:00:00',1595346684),(1603324684,20,0,20,'2020-10-01 00:00:00',34),(1603324756,20,2,18,'2020-10-02 00:00:00',2),(1603324807,22,4,18,'2020-10-06 00:00:00',33),(1603325036,20,0,20,'2020-10-07 00:00:00',1),(1603325056,21,0,21,'2020-10-06 00:00:00',1),(1603325092,20,5,15,'2020-10-05 00:00:00',1),(1603325111,20,2,18,'2020-10-03 00:00:00',1),(1603325194,23,1,22,'2020-10-02 00:00:00',25),(1603325228,20,1,19,'2020-10-01 00:00:00',37),(1603325251,20,0,20,'2020-09-30 00:00:00',1),(1603325267,20,1,19,'2020-09-29 00:00:00',1),(1603325284,21,5,16,'2020-09-26 00:00:00',1),(1603325320,16,0,16,'2020-09-25 00:00:00',1593758827),(1603325349,23,0,23,'2020-09-24 00:00:00',1),(1603325367,19,2,17,'2020-09-23 00:00:00',1),(1603325378,16,0,16,'2020-09-22 00:00:00',1),(1603325457,23,1,22,'2020-09-23 00:00:00',1),(1603325472,20,0,20,'2020-09-24 00:00:00',1),(1603325487,20,0,20,'2020-09-25 00:00:00',1),(1603325504,20,0,20,'2020-09-26 00:00:00',1),(1603325530,41,17,24,'2020-09-28 00:00:00',1),(1603325545,20,2,18,'2020-09-29 00:00:00',1),(1603325561,20,7,13,'2020-09-30 00:00:00',1),(1603325577,20,1,19,'2020-10-01 00:00:00',1),(1603325598,20,0,20,'2020-10-02 00:00:00',1),(1603325612,30,2,28,'2020-10-03 00:00:00',1),(1603325632,20,3,17,'2020-10-06 00:00:00',1),(1603325670,75,8,67,'2020-10-07 00:00:00',1),(1603325686,80,38,42,'2020-10-08 00:00:00',1),(1603325789,20,2,18,'2020-09-23 00:00:00',1),(1603325805,19,3,16,'2020-09-25 00:00:00',1),(1603325829,13,0,13,'2020-09-26 00:00:00',1),(1603325855,25,4,21,'2020-09-28 00:00:00',1),(1603325872,20,0,20,'2020-09-29 00:00:00',1),(1603325885,20,3,17,'2020-09-30 00:00:00',1),(1603325900,20,1,19,'2020-10-01 00:00:00',1),(1603325930,20,1,19,'2020-10-02 00:00:00',1),(1603325942,26,6,20,'2020-10-03 00:00:00',1),(1603325962,11,1,10,'2020-10-05 00:00:00',1),(1603325977,20,0,20,'2020-10-06 00:00:00',1),(1603326015,23,6,17,'2020-10-07 00:00:00',1),(1603326028,30,6,24,'2020-10-08 00:00:00',1),(1603326122,25,10,15,'2020-10-15 00:00:00',1),(1603326133,20,1,19,'2020-10-16 00:00:00',1),(1603326155,15,3,12,'2020-10-19 00:00:00',1),(1603326173,25,2,23,'2020-10-20 00:00:00',1),(1603326234,19,0,19,'2020-09-28 00:00:00',1),(1603326254,18,0,18,'2020-09-29 00:00:00',1),(1603326266,20,0,20,'2020-09-30 00:00:00',1),(1603326285,20,0,20,'2020-10-01 00:00:00',1),(1603326304,20,8,12,'2020-10-02 00:00:00',1),(1603326329,48,0,48,'2020-10-07 00:00:00',1),(1603326345,61,21,40,'2020-10-08 00:00:00',1),(1603326361,55,35,20,'2020-10-09 00:00:00',1),(1603326468,30,24,6,'2020-09-22 00:00:00',1),(1603326483,23,2,21,'2020-09-23 00:00:00',1),(1603326499,20,2,18,'2020-09-24 00:00:00',1),(1603326513,20,0,20,'2020-09-25 00:00:00',1),(1603326537,20,0,20,'2020-09-29 00:00:00',1),(1603326618,20,1,19,'2020-10-01 00:00:00',1),(1603326633,20,0,20,'2020-10-02 00:00:00',1),(1603326668,20,0,20,'2020-10-07 00:00:00',1),(1603326699,30,2,28,'2020-10-08 00:00:00',1),(1603327170,45,45,0,'2020-09-22 00:00:00',1),(1603327225,20,5,15,'2020-09-23 00:00:00',1),(1603327236,20,1,19,'2020-09-24 00:00:00',1),(1603327250,22,0,22,'2020-09-25 00:00:00',1),(1603327264,20,2,18,'2020-09-26 00:00:00',1),(1603327280,20,1,19,'2020-09-28 00:00:00',1),(1603327292,20,0,20,'2020-09-29 00:00:00',1),(1603327306,20,1,19,'2020-09-30 00:00:00',1),(1603327325,20,0,20,'2020-10-01 00:00:00',1),(1603327342,20,1,19,'2020-10-02 00:00:00',1),(1603327353,40,8,32,'2020-10-03 00:00:00',1),(1603327369,30,0,30,'2020-10-07 00:00:00',1),(1603327386,60,4,56,'2020-10-08 00:00:00',1),(1603327398,9,1,8,'2020-10-09 00:00:00',1),(1603327500,21,0,21,'2020-09-23 00:00:00',1),(1603327524,20,2,18,'2020-09-24 00:00:00',1),(1603327544,20,3,17,'2020-09-25 00:00:00',1),(1603327559,20,4,16,'2020-09-26 00:00:00',1),(1603327584,16,1,15,'2020-09-28 00:00:00',1),(1603327605,20,0,20,'2020-09-29 00:00:00',1),(1603327617,20,0,20,'2020-09-30 00:00:00',1),(1603327639,18,1,17,'2020-10-01 00:00:00',1),(1603327654,20,1,19,'2020-10-02 00:00:00',1),(1603327667,20,8,12,'2020-10-03 00:00:00',1),(1603327680,20,0,20,'2020-10-05 00:00:00',1),(1603327719,20,0,20,'2020-10-06 00:00:00',1),(1603328127,13,0,13,'2020-09-21 00:00:00',1),(1603328142,23,0,23,'2020-09-22 00:00:00',1),(1603328172,11,0,11,'2020-09-23 00:00:00',1),(1603328186,7,0,7,'2020-09-24 00:00:00',1),(1603328201,12,5,7,'2020-09-25 00:00:00',1),(1603328218,14,5,9,'2020-09-26 00:00:00',1),(1603328247,22,0,22,'2020-09-29 00:00:00',1),(1603328262,16,1,15,'2020-09-30 00:00:00',1),(1603328279,44,17,27,'2020-10-01 00:00:00',1),(1603328307,7,0,7,'2020-10-02 00:00:00',1),(1603328402,10,1,9,'2020-09-23 00:00:00',1),(1603328426,22,0,22,'2020-09-24 00:00:00',1),(1603328507,18,1,17,'2020-09-24 00:00:00',1),(1603328533,22,0,22,'2020-09-25 00:00:00',1),(1603328551,20,0,20,'2020-09-26 00:00:00',1),(1603328566,15,0,15,'2020-09-28 00:00:00',1),(1603328582,20,0,20,'2020-09-29 00:00:00',1),(1603328630,20,0,20,'2020-09-30 00:00:00',1),(1603328645,20,0,20,'2020-10-01 00:00:00',1),(1603328669,19,0,19,'2020-10-02 00:00:00',1),(1603328691,40,2,38,'2020-10-03 00:00:00',1),(1603328720,13,0,13,'2020-10-05 00:00:00',1),(1603328744,12,1,11,'2020-10-06 00:00:00',1),(1603328803,27,0,27,'2020-10-07 00:00:00',1),(1603329589,27,3,24,'2020-10-20 00:00:00',1),(1603329606,35,2,33,'2020-10-21 00:00:00',1),(1603330000,60,0,60,'2020-09-22 00:00:00',1),(1603330012,39,0,39,'2020-09-23 00:00:00',1),(1603330025,9,0,9,'2020-09-24 00:00:00',1),(1603330042,26,0,26,'2020-09-26 00:00:00',1),(1603330116,16,2,14,'2020-09-30 00:00:00',1),(1603330212,25,2,23,'2020-10-01 00:00:00',1),(1603330225,30,0,30,'2020-10-02 00:00:00',1),(1603330239,44,0,44,'2020-10-03 00:00:00',1),(1603330280,60,7,53,'2020-10-06 00:00:00',1),(1603330299,57,2,55,'2020-10-07 00:00:00',1),(1603330426,60,8,52,'2020-10-08 00:00:00',1),(1603330442,39,0,39,'2020-10-09 00:00:00',1),(1603330463,30,1,29,'2020-10-10 00:00:00',1),(1603330509,9,0,9,'2020-10-13 00:00:00',1),(1603330529,40,0,40,'2020-10-14 00:00:00',1),(1603330554,29,3,26,'2020-10-15 00:00:00',1),(1603330575,50,6,44,'2020-10-17 00:00:00',1),(1603330619,46,0,46,'2020-10-20 00:00:00',1),(1603330634,47,7,40,'2020-10-21 00:00:00',1),(1603334101,25,5,20,'2020-10-21 22:35:01',11),(1603371707,20,3,17,'2020-10-22 09:01:47',1595346684),(1603373743,37,0,37,'2020-10-14 00:00:00',1601477405),(1603374412,29,9,20,'2020-09-21 00:00:00',1601477399),(1603374462,52,29,23,'2020-09-02 00:00:00',1601477399),(1603374498,51,8,43,'2020-09-23 00:00:00',1601477399),(1603374541,67,4,63,'2020-09-24 00:00:00',1601477399),(1603374629,82,58,24,'2020-09-25 00:00:00',1601477399),(1603374669,72,14,58,'2020-09-26 00:00:00',1601477399),(1603374721,54,44,10,'2020-09-28 00:00:00',1601477399),(1603374762,54,6,48,'2020-09-29 00:00:00',1601477399),(1603374800,61,50,11,'2020-09-30 00:00:00',1601477399),(1603374840,72,4,68,'2020-10-01 00:00:00',1601477399),(1603375016,28,0,28,'2020-10-21 00:00:00',1601477399),(1603375201,40,9,31,'2020-10-03 00:00:00',1601477399),(1603380545,38,0,38,'2020-09-21 00:00:00',1),(1603380588,23,0,23,'2020-09-23 00:00:00',30),(1603380624,37,0,37,'2020-09-25 00:00:00',1),(1603380653,41,0,41,'2020-09-26 00:00:00',27),(1603380680,18,0,18,'2020-09-30 00:00:00',27),(1603380723,99,0,99,'2020-10-16 00:00:00',2),(1603380771,80,0,80,'2020-10-20 00:00:00',2),(1603380789,35,0,35,'2020-10-21 00:00:00',3),(1603382859,20,0,20,'2020-10-22 12:07:39',37),(1603383163,20,0,20,'2020-10-22 12:12:43',2),(1603386758,20,0,20,'2020-10-07 00:00:00',1),(1603389705,24,3,21,'2020-10-22 14:01:45',27),(1603393547,29,0,29,'2020-10-22 15:05:47',23),(1603394928,36,0,36,'2020-10-22 15:28:48',37),(1603395301,20,0,20,'2020-10-22 15:35:01',2),(1603395387,20,1,19,'2020-10-22 15:36:27',1595346684),(1603403575,20,0,20,'2020-10-22 17:52:55',18),(1603404879,2,0,2,'2020-10-22 18:14:39',1594219367),(1603404905,29,4,25,'2020-10-22 18:15:05',2),(1603405322,36,0,36,'2020-10-22 18:22:02',1600955624),(1603410045,22,4,18,'2020-10-22 19:40:45',1595346684),(1603410235,50,6,44,'2020-10-22 19:43:55',15),(1603410620,17,4,13,'2020-10-22 19:50:20',28),(1603413094,40,7,33,'2020-09-21 00:00:00',1),(1603413126,50,8,42,'2020-09-22 00:00:00',1),(1603413146,50,8,42,'2020-09-23 00:00:00',1),(1603413170,60,20,40,'2020-09-24 00:00:00',1),(1603413202,60,10,50,'2020-09-25 00:00:00',1),(1603413215,40,15,25,'2020-09-26 00:00:00',1),(1603413232,40,0,40,'2020-09-28 00:00:00',1),(1603413252,42,1,41,'2020-09-29 00:00:00',1),(1603413266,38,0,38,'2020-09-30 00:00:00',1),(1603413282,51,5,46,'2020-10-01 00:00:00',1),(1603413298,42,5,37,'2020-10-02 00:00:00',1),(1603413329,37,8,29,'2020-10-03 00:00:00',1),(1603413343,50,6,44,'2020-10-05 00:00:00',1),(1603415186,20,0,20,'2020-09-23 00:00:00',1),(1603415235,25,2,23,'2020-09-24 00:00:00',1),(1603415405,17,2,15,'2020-09-25 00:00:00',1),(1603415484,29,0,29,'2020-09-28 00:00:00',1),(1603415511,24,0,24,'2020-09-29 00:00:00',1),(1603415537,20,0,20,'2020-09-30 00:00:00',1),(1603415562,20,0,20,'2020-10-01 00:00:00',1),(1603415577,21,0,21,'2020-09-02 00:00:00',1),(1603415611,35,0,35,'2020-10-05 00:00:00',1),(1603415633,34,0,34,'2020-10-06 00:00:00',1),(1603415664,23,2,21,'2020-10-07 00:00:00',3),(1603415839,29,0,29,'2020-10-22 21:17:19',34),(1603449198,67,1,66,'2020-10-23 06:33:18',33),(1603452383,25,0,25,'2020-10-23 07:26:23',1),(1603472715,33,1,32,'2020-10-23 13:05:15',38),(1603478575,20,0,20,'2020-10-23 14:42:55',9),(1603479702,25,0,25,'2020-10-23 15:01:42',5),(1603479826,12,0,12,'2020-10-23 15:03:46',1595461985),(1603480322,25,3,22,'2020-10-23 15:12:02',18),(1603481808,25,6,19,'2020-10-23 15:36:48',15),(1603486244,19,1,18,'2020-10-23 16:50:44',34),(1603491273,43,0,43,'2020-10-23 18:14:33',1600955624),(1603493064,25,4,21,'2020-10-23 18:44:24',18),(1603493695,33,2,31,'2020-10-23 18:54:55',1596591839),(1603496710,27,4,23,'2020-10-23 19:45:10',1),(1603496889,26,0,26,'2020-10-23 19:48:09',37),(1603499885,22,4,18,'2020-10-23 20:38:05',16),(1603502636,36,0,36,'2020-10-23 00:00:00',1),(1603535238,27,3,24,'2020-10-21 06:27:18',1),(1603535282,18,1,17,'2020-10-22 06:28:02',1),(1603535470,26,1,25,'2020-10-24 06:31:10',1),(1603555000,25,2,23,'2020-10-24 11:56:40',17),(1603559916,25,0,25,'2020-10-24 13:18:36',2),(1603562664,25,0,25,'2020-10-24 14:04:24',2),(1603565669,36,0,36,'2020-10-24 14:54:29',1596591839),(1603565790,36,0,0,'2020-10-24 14:56:30',1596591839),(1603566879,24,0,24,'2020-10-24 15:14:39',34),(1603566921,7,5,2,'2020-10-24 15:15:21',37),(1603566966,33,0,33,'2020-10-24 15:16:06',2),(1603567012,31,7,24,'2020-10-24 15:16:52',1594219367),(1603571765,40,0,40,'2020-10-24 16:36:05',34),(1603572175,65,3,62,'2020-10-24 16:42:55',23),(1603573097,25,0,25,'2020-10-23 16:58:17',37),(1603573475,70,0,70,'2020-10-24 17:04:35',18),(1603592299,24,6,18,'2020-10-24 22:18:19',1),(1603675345,21,0,21,'2020-10-02 00:00:00',3),(1603678001,25,4,21,'2020-10-15 00:00:00',1595346684),(1603723576,115,2,113,'2020-09-09 00:00:00',1),(1603723589,136,4,132,'2020-09-10 00:00:00',1),(1603727199,15,1,14,'2020-10-26 11:46:39',1595346684),(1603728074,41,1,40,'2020-08-28 00:00:00',1),(1603728612,15,0,0,'2020-10-26 12:10:12',2),(1603735437,33,1,32,'2020-10-26 14:03:57',19),(1603736067,44,1,43,'2020-10-22 00:00:00',1601477399),(1603736094,41,0,41,'2020-10-23 00:00:00',1601477399),(1603736114,33,0,33,'2020-10-24 00:00:00',1601477399),(1603736156,42,0,42,'2020-10-26 00:00:00',1601477399),(1603736223,23,1,22,'2020-10-21 00:00:00',27),(1603736248,43,7,36,'2020-10-22 00:00:00',13),(1603736341,27,7,20,'2020-10-23 00:00:00',1),(1603736930,22,5,17,'2020-10-21 00:00:00',1),(1603737019,16,0,16,'2020-10-24 00:00:00',1),(1603738361,11,1,10,'2020-10-26 14:52:41',11),(1603749116,47,0,47,'2020-10-26 17:51:56',1596591839),(1603751254,30,10,20,'2020-10-26 18:27:34',34),(1603753516,68,10,58,'2020-10-26 19:05:16',34),(1603756762,42,0,42,'2020-10-26 19:59:22',1),(1603759736,85,0,85,'2020-10-24 00:00:00',12),(1603810475,21,0,21,'2020-10-27 10:54:35',32),(1603816278,23,0,23,'2020-10-27 12:31:18',1595463186),(1603816496,21,0,21,'2020-10-27 12:34:56',1595346684),(1603816628,20,0,20,'2020-10-27 12:37:08',11),(1603817786,20,2,18,'2020-10-27 12:56:26',33),(1603821335,56,0,56,'2020-10-27 13:55:35',19),(1603823648,32,0,32,'2020-10-27 14:34:08',38),(1603826960,68,3,65,'2020-10-27 15:29:20',34),(1603827848,35,0,35,'2020-10-27 15:44:08',1600955624),(1603828021,45,0,45,'2020-10-27 15:47:01',1595346684),(1603831163,62,1,61,'2020-10-27 16:39:23',20),(1603833635,14,0,14,'2020-10-27 17:20:35',2),(1603833759,25,0,25,'2020-10-27 17:22:39',5),(1603834061,21,0,21,'2020-10-27 17:27:41',1594219367),(1603834887,20,1,19,'2020-10-27 17:41:27',19),(1603834931,35,0,35,'2020-10-27 17:42:11',1596591839),(1603840065,20,0,20,'2020-10-22 00:00:00',9),(1603840147,20,1,19,'2020-10-27 00:00:00',3),(1603840466,24,0,24,'2020-10-27 00:00:00',3),(1603846205,39,4,35,'2020-10-27 20:50:05',33),(1603850470,39,2,37,'2020-10-27 22:01:10',1),(1603896412,6,0,6,'2020-10-28 10:46:52',1595461985),(1603897465,15,0,15,'2020-10-28 11:04:25',1595346684),(1603900331,15,0,15,'2020-10-28 11:52:11',32),(1603901479,15,0,15,'2020-10-28 12:11:19',2),(1603906789,51,0,51,'2020-10-28 13:39:49',34),(1603913395,11,3,8,'2020-10-28 15:29:55',15),(1603914648,8,0,8,'2020-10-28 15:50:48',18),(1603914730,16,0,16,'2020-10-28 15:52:10',1595345881),(1603915304,16,0,16,'2020-10-28 16:01:44',1),(1603915649,73,2,71,'2020-10-28 16:07:29',31),(1603916596,55,0,55,'2020-10-28 16:23:16',20),(1603916997,15,1,14,'2020-10-28 16:29:57',2),(1603918960,50,0,50,'2020-10-28 17:02:40',1600955624),(1603921326,55,1,54,'2020-10-28 17:42:06',19),(1603923377,32,0,32,'2020-10-28 18:16:17',1601477399),(1603929576,39,0,0,'2020-10-28 19:59:36',1595345881),(1603929609,39,0,0,'2020-10-28 20:00:09',1),(1603929663,39,2,37,'2020-10-28 20:01:03',1595345881),(1603934887,42,3,39,'2020-10-28 21:28:07',1),(1603934910,17,0,17,'2020-10-28 00:00:00',11),(1603984529,6,0,6,'2020-10-29 11:15:29',28),(1603984730,15,0,15,'2020-10-29 11:18:50',1593758827),(1603989601,15,0,15,'2020-10-29 12:40:01',3),(1603992421,15,0,15,'2020-10-29 13:27:01',1595346684),(1603993994,15,0,15,'2020-10-29 13:53:14',20),(1603994268,7,0,7,'2020-10-29 13:57:48',20),(1603997368,27,1,26,'2020-10-29 14:49:28',12),(1603997436,55,0,55,'2020-10-29 14:50:36',34),(1603997444,55,0,55,'2020-10-29 14:50:44',1),(1603998634,23,1,22,'2020-10-29 15:10:34',30),(1604002565,54,0,54,'2020-10-29 16:16:05',20),(1604003493,64,0,64,'2020-10-29 16:31:33',1594207992),(1604004471,9,0,9,'2020-10-29 16:47:51',1595346684),(1604004734,33,1,32,'2020-10-29 16:52:14',33),(1604011795,33,9,24,'2020-10-29 18:49:55',15),(1604015750,22,2,20,'2020-10-29 19:55:50',1600955624),(1604019819,35,0,35,'2020-10-29 21:03:39',1601477399),(1604068232,7,0,7,'2020-10-30 10:30:32',40),(1604070882,8,2,6,'2020-10-28 00:00:00',3),(1604070907,6,0,6,'2020-10-30 00:00:00',3),(1604074990,42,0,42,'2020-10-27 00:00:00',1601477399),(1604075011,36,0,36,'2020-10-28 00:00:00',1601477399),(1604075033,28,0,28,'2020-10-29 00:00:00',1601477399),(1604075053,40,0,40,'2020-10-30 00:00:00',1601477399),(1604075130,17,0,17,'2020-10-30 12:25:30',37),(1604079959,9,0,9,'2020-10-30 13:45:59',37),(1604083283,26,0,26,'2020-10-30 14:41:23',1596591839),(1604083352,10,9,1,'2020-10-30 14:42:32',18),(1604083550,15,1,14,'2020-10-30 14:45:50',16),(1604088798,15,0,15,'2020-10-30 16:13:18',2),(1604089078,15,2,13,'2020-10-30 16:17:58',38),(1604094309,2,0,2,'2020-10-30 17:45:09',2),(1604098675,16,10,6,'2020-10-30 18:57:55',20),(1604103068,40,6,34,'2020-10-30 20:11:08',1593758827),(1604103284,17,1,16,'2020-10-30 20:14:44',1600955624),(1604103914,10,7,3,'2020-10-30 20:25:14',18),(1604105465,21,1,20,'2020-10-30 20:51:05',1601477399),(1604109022,10,0,10,'2020-10-30 21:50:22',34),(1604112777,15,0,15,'2020-10-30 22:52:57',1595346684),(1604112820,15,0,15,'2020-10-30 22:53:40',20),(1604112870,16,6,10,'2020-10-30 22:54:30',37),(1604142505,24,2,22,'2020-10-31 07:08:25',1594207992),(1604142618,24,2,22,'2020-10-31 07:10:18',17),(1604168183,28,8,20,'2020-10-29 00:00:00',3),(1604332676,16,1,15,'2020-11-02 10:57:56',1595346684),(1604335782,10,0,10,'2020-11-02 11:49:42',40),(1604339983,26,7,19,'2020-11-02 12:59:43',33),(1604341368,9,0,9,'2020-11-02 13:22:48',5),(1604344162,19,2,17,'2020-11-02 14:09:22',18),(1604346856,31,0,31,'2020-11-02 14:54:16',2),(1604356412,50,0,50,'2020-11-02 17:33:32',15),(1604364425,32,1,31,'2020-11-02 19:47:05',37),(1604369157,32,9,23,'2020-11-02 21:05:57',28),(1604378243,29,2,27,'2020-11-02 23:37:23',1601477399),(1604404432,32,0,32,'2020-11-02 06:53:52',1),(1604408542,8,1,7,'2020-11-03 08:02:22',19),(1604419592,19,0,19,'2020-11-03 11:06:32',38),(1604420234,15,0,15,'2020-11-03 11:17:14',11),(1604420499,15,0,15,'2020-11-03 11:21:39',2),(1604425926,14,0,14,'2020-11-03 12:52:06',1),(1604427858,17,0,17,'2020-11-03 13:24:18',2),(1604429055,27,0,27,'2020-11-03 13:44:15',1596591839),(1604430681,15,1,14,'2020-11-03 14:11:21',2),(1604432825,8,0,8,'2020-11-03 14:47:05',2),(1604433169,11,0,11,'2020-11-03 14:52:49',29),(1604434485,20,0,20,'2020-11-03 15:14:45',1594207992),(1604434501,24,0,24,'2020-11-03 15:15:01',1595346684),(1604434592,11,0,11,'2020-11-03 15:16:32',1594207992),(1604434759,11,0,11,'2020-11-03 15:19:19',1594207992),(1604440246,15,0,15,'2020-11-03 16:50:46',37),(1604441560,18,1,17,'2020-11-03 17:12:40',1595345881),(1604444456,56,4,52,'2020-11-03 18:00:56',18),(1604444715,38,0,38,'2020-11-03 18:05:15',1600955624),(1604445125,75,0,75,'2020-11-03 18:12:05',2),(1604447193,27,5,22,'2020-11-03 18:46:33',17),(1604447685,32,0,32,'2020-11-03 18:54:45',1),(1604449694,13,4,9,'2020-10-02 00:00:00',3),(1604449728,8,4,4,'2020-10-03 00:00:00',3),(1604450671,15,1,14,'2020-11-03 19:44:31',1595345881),(1604451969,16,2,14,'2020-11-03 20:06:09',1595463186),(1604451991,27,8,19,'2020-10-21 00:00:00',1),(1604452031,19,1,18,'2020-10-23 00:00:00',1),(1604452207,16,2,14,'2020-11-03 20:10:07',1595463186),(1604452497,38,4,34,'2020-11-03 20:14:57',33),(1604453203,11,0,11,'2020-11-03 20:26:43',1594207992),(1604454456,55,0,55,'2020-11-03 00:00:00',5),(1604454461,17,0,17,'2020-11-03 20:47:41',32),(1604455845,96,0,96,'2020-11-03 21:10:45',34),(1604491446,42,0,42,'2020-10-24 07:04:06',37),(1604492029,67,1,66,'2020-10-22 07:13:49',37),(1604492103,21,9,12,'2020-10-28 07:15:03',37),(1604492137,14,2,12,'2020-10-29 07:15:37',37),(1604492190,31,5,26,'2020-10-30 07:16:30',37),(1604492240,25,0,25,'2020-11-03 07:17:20',37),(1604496972,31,2,29,'2020-09-21 00:00:00',1),(1604497036,111,62,49,'2020-09-22 00:00:00',1),(1604497059,55,41,14,'2020-09-23 00:00:00',1),(1604497082,45,11,34,'2020-09-24 00:00:00',1),(1604497118,70,29,41,'2020-09-25 00:00:00',1),(1604497159,45,8,37,'2020-09-26 00:00:00',1),(1604497190,100,28,72,'2020-09-28 00:00:00',1),(1604497213,43,6,37,'2020-09-29 00:00:00',1),(1604497237,46,5,41,'2020-09-30 00:00:00',1),(1604497346,55,9,46,'2020-10-01 00:00:00',1),(1604497384,50,32,18,'2020-10-02 00:00:00',1),(1604497614,30,9,21,'2020-10-03 00:00:00',1),(1604497649,47,19,28,'2020-10-05 00:00:00',1),(1604497675,42,16,26,'2020-10-06 00:00:00',1),(1604497703,120,60,60,'2020-10-07 00:00:00',1),(1604497727,43,13,30,'2020-10-08 00:00:00',1),(1604497749,50,14,36,'2020-10-09 00:00:00',1),(1604502930,10,0,10,'2020-11-04 10:15:30',1594207992),(1604504276,10,0,10,'2020-11-04 10:37:56',3),(1604504669,31,0,31,'2020-11-04 10:44:29',19),(1604512427,6,0,6,'2020-11-04 12:53:47',37),(1604518381,10,0,10,'2020-11-04 14:33:01',1595461985),(1604518679,45,1,44,'2020-11-04 14:37:59',33),(1604520399,18,2,16,'2020-11-04 15:06:39',33),(1604526227,45,1,44,'2020-11-04 16:43:47',1),(1604526444,66,0,66,'2020-11-04 16:47:24',20),(1604527219,52,0,52,'2020-11-04 17:00:19',1595346064),(1604528653,45,0,45,'2020-11-04 17:24:13',37),(1604530291,11,0,11,'2020-11-04 17:51:31',34),(1604531095,117,3,114,'2020-11-04 18:04:55',34),(1604531433,49,8,41,'2020-11-04 18:10:33',1595463186),(1604532123,40,4,36,'2020-11-04 00:00:00',3),(1604532147,17,0,17,'2020-10-03 00:00:00',3),(1604533616,16,3,13,'2020-11-04 18:46:56',2),(1604534119,77,5,72,'2020-11-04 18:55:19',2),(1604537580,40,0,40,'2020-11-04 19:53:00',1601477399),(1604541933,49,0,49,'2020-11-04 21:05:33',37),(1604545566,65,11,54,'2020-11-04 22:06:06',1595346684),(1604570011,14,2,12,'2020-11-05 04:53:31',15),(1604600099,45,0,45,'2020-11-05 13:14:59',29),(1604601480,41,0,41,'2020-11-05 13:38:00',33),(1604606166,49,2,47,'2020-11-05 14:56:06',19),(1604607360,50,0,50,'2020-11-05 15:16:00',21),(1604608348,36,0,36,'2020-11-05 15:32:28',2),(1604611481,11,3,8,'2020-11-05 16:24:41',23),(1604611497,13,0,13,'2020-11-05 16:24:57',1595461985),(1604612802,55,0,55,'2020-11-05 16:46:42',1595345881),(1604615388,18,2,16,'2020-11-05 17:29:48',38),(1604616359,114,3,111,'2020-11-05 17:45:59',34),(1604616746,72,2,70,'2020-11-05 17:52:26',37),(1604616992,69,4,65,'2020-11-05 17:56:32',33),(1604617197,82,0,82,'2020-11-05 17:59:57',1595346684),(1604619065,45,17,28,'2020-11-05 18:31:05',15),(1604622138,24,4,20,'2020-11-05 19:22:18',33),(1604622607,45,5,40,'2020-11-05 19:30:07',37),(1604623599,45,2,43,'2020-11-05 19:46:39',1593758827),(1604623623,45,1,44,'2020-11-05 19:47:03',38),(1604623869,45,4,41,'2020-11-05 19:51:09',33),(1604666494,39,6,33,'2020-11-06 07:41:34',1601477399),(1604676223,32,0,32,'2020-11-06 10:23:43',1),(1604691131,6,0,6,'2020-11-06 14:32:11',38),(1604691157,64,0,64,'2020-11-06 14:32:37',5),(1604692505,43,2,41,'2020-11-06 14:55:05',1595346684),(1604692791,17,0,17,'2020-11-06 14:59:51',37),(1604693220,50,0,50,'2020-11-06 15:07:00',3),(1604695069,45,0,45,'2020-11-06 15:37:49',1),(1604697051,45,0,45,'2020-11-06 16:10:51',21),(1604703303,38,5,33,'2020-11-06 17:55:03',16),(1604704591,46,0,46,'2020-11-06 18:16:31',3),(1604705139,109,2,107,'2020-11-06 18:25:39',34),(1604709418,52,4,48,'2020-11-06 19:36:58',1595345881),(1604709573,79,6,73,'2020-11-06 19:39:33',33),(1604710816,50,4,46,'2020-11-06 20:00:16',17),(1604711196,53,3,50,'2020-11-06 20:06:36',1601477399),(1604711591,45,2,43,'2020-11-06 20:13:11',1600955624),(1604713756,14,3,11,'2020-11-06 20:49:16',1595345881),(1604746385,46,0,46,'2020-11-07 05:53:05',27),(1604764924,35,0,35,'2020-11-07 11:02:04',37),(1604767210,35,35,0,'2020-11-07 11:40:10',37),(1604779086,50,0,50,'2020-11-07 14:58:06',1593758827),(1604784492,50,7,43,'2020-11-07 16:28:12',1595345881),(1604784829,48,1,47,'2020-11-07 16:33:49',37),(1604786066,29,3,26,'2020-11-07 16:54:26',37),(1604787859,109,0,109,'2020-11-07 17:24:19',34),(1604788706,94,2,92,'2020-11-07 17:38:26',1594207992),(1604792572,52,2,50,'2020-11-07 18:42:52',1601477399),(1604795808,107,0,0,'2020-11-07 19:36:48',12),(1604796037,29,4,25,'2020-11-07 19:40:37',1596591839),(1604799114,36,0,36,'2020-11-07 20:31:54',33),(1604889703,44,3,41,'2020-11-08 21:41:43',30),(1604889768,50,0,50,'2020-11-08 21:42:48',34),(1604937400,8,0,8,'2020-11-09 10:56:40',1594207992),(1604942185,21,0,21,'2020-11-09 12:16:25',1595346684),(1604943620,20,1,19,'2020-11-09 12:40:20',37),(1604945043,66,1,65,'2020-11-09 13:04:03',29),(1604945936,22,0,22,'2020-11-09 13:18:56',17),(1604946333,33,0,33,'2020-11-09 13:25:33',37),(1604950417,20,0,20,'2020-11-09 14:33:37',37),(1604952261,35,2,33,'2020-11-09 15:04:21',33),(1604958132,35,0,35,'2020-11-09 16:42:12',37),(1604959689,50,2,48,'2020-11-09 17:08:09',34),(1604961312,60,13,47,'2020-11-09 17:35:12',1595345881),(1604964461,34,0,34,'2020-11-09 18:27:41',1601477399),(1604965993,23,1,22,'2020-11-09 18:53:13',1597956046),(1604974026,54,17,37,'2020-11-09 21:07:06',11),(1605031256,30,0,30,'2020-11-10 13:00:56',1594207992),(1605033023,30,0,30,'2020-11-10 13:30:23',1595463186),(1605033389,61,1,60,'2020-11-10 13:36:29',1594207992),(1605033429,31,0,31,'2020-11-10 13:37:09',1595463186),(1605038363,30,1,29,'2020-11-10 14:59:23',1595346684),(1605042635,51,1,50,'2020-11-10 16:10:35',21),(1605042775,77,25,52,'2020-11-10 16:12:55',33),(1605050329,40,2,38,'2020-11-10 18:18:49',37),(1605051104,56,5,51,'2020-11-10 18:31:44',2),(1605052057,23,0,23,'2020-11-10 18:47:37',1601477399),(1605058533,25,0,25,'2020-11-10 20:35:33',37),(1605058561,42,0,42,'2020-11-10 20:36:01',3),(1605058572,30,13,17,'2020-11-10 20:36:12',1595346684),(1605058624,30,4,26,'2020-11-10 20:37:04',32),(1605060702,51,42,9,'2020-11-10 21:11:42',38),(1605060910,32,0,32,'2020-11-10 21:15:10',37),(1605112818,33,0,33,'2020-11-11 11:40:18',1600955624),(1605115200,50,0,50,'2020-11-11 12:20:00',34),(1605117504,34,0,34,'2020-11-11 12:58:24',1595346684),(1605117656,34,0,34,'2020-11-11 13:00:56',1),(1605119454,43,0,43,'2020-11-11 13:30:54',1595346684),(1605121734,40,0,40,'2020-11-11 14:08:54',1593758827),(1605126331,72,2,70,'2020-11-11 15:25:31',38),(1605126404,35,0,35,'2020-11-11 15:26:44',1594219367),(1605128105,44,2,42,'2020-11-11 15:55:05',20),(1605132282,31,3,28,'2020-11-11 17:04:42',1596591839),(1605134919,9,1,8,'2020-11-11 17:48:39',18),(1605135354,134,0,134,'2020-11-10 17:55:54',29),(1605135621,41,0,41,'2020-11-04 18:00:21',29),(1605135734,30,0,30,'2020-11-11 18:02:14',37),(1605136114,14,0,14,'2020-11-11 18:08:34',1595461985),(1605138299,30,4,26,'2020-11-11 18:44:59',12),(1605144909,81,3,78,'2020-11-11 20:35:09',33),(1605149513,40,0,40,'2020-11-11 21:51:53',1601477399),(1605194597,7,0,7,'2020-11-12 10:23:17',1594207992),(1605194780,36,0,36,'2020-11-12 10:26:20',34),(1605204234,20,1,19,'2020-11-12 13:03:54',18),(1605205652,20,0,20,'2020-11-12 13:27:32',1595463186),(1605209179,22,0,22,'2020-11-12 14:26:19',16),(1605209185,20,0,20,'2020-11-12 14:26:25',15),(1605215134,11,1,10,'2020-11-12 16:05:34',3),(1605216831,19,1,18,'2020-11-12 16:33:51',1595346064),(1605218408,43,0,43,'2020-11-12 17:00:08',1601477399),(1605223412,7,0,7,'2020-11-12 18:23:32',1595463186),(1605226059,34,4,30,'2020-11-12 19:07:39',16),(1605228205,38,9,29,'2020-11-12 19:43:25',16),(1605228411,14,1,13,'2020-11-12 19:46:51',33),(1605262830,37,0,37,'2020-11-13 05:20:30',1595346684),(1605262951,20,0,20,'2020-11-13 05:22:31',15),(1605271794,29,1,28,'2020-11-13 07:49:54',19),(1605284379,20,0,20,'2020-11-13 11:19:39',1595463186),(1605287109,20,0,20,'2020-11-13 12:05:09',27),(1605287669,20,1,19,'2020-11-13 12:14:29',32),(1605289578,21,2,19,'2020-11-13 12:46:18',7),(1605295536,20,1,19,'2020-11-13 14:25:36',18),(1605299731,5,1,4,'2020-11-13 15:35:31',28),(1605301270,76,3,73,'2020-11-13 16:01:10',34),(1605304954,21,1,20,'2020-11-13 17:02:34',1596591839),(1605305760,30,13,17,'2020-11-13 17:16:00',33),(1605312570,26,0,26,'2020-11-13 19:09:30',37),(1605320873,36,1,35,'2020-11-13 21:27:53',1601477399),(1605324536,45,3,42,'2020-11-13 22:28:56',33),(1605326372,19,0,19,'2020-11-13 22:59:32',18),(1605367743,20,0,20,'2020-11-14 10:29:03',1595463186),(1605369762,14,0,14,'2020-11-14 11:02:42',27),(1605382206,126,1,125,'2020-11-14 14:30:06',29),(1605384935,70,2,68,'2020-11-06 15:15:35',37),(1605384993,87,0,87,'2020-11-07 15:16:33',37),(1605391075,95,1,94,'2020-11-14 16:57:55',1595346064),(1605392824,28,0,28,'2020-11-14 17:27:04',1601477399),(1605393221,40,4,36,'2020-11-14 17:33:41',37),(1605395084,29,0,29,'2020-11-14 18:04:44',1595461985),(1605399501,15,11,4,'2020-11-14 19:18:21',1595463186),(1605538763,15,1,14,'2020-11-16 09:59:23',17),(1605540281,2,0,2,'2020-11-16 10:24:41',1593758827),(1605541811,19,0,19,'2020-11-16 10:50:11',38),(1605553120,15,1,14,'2020-11-16 13:58:40',33),(1605561023,28,0,28,'2020-11-16 16:10:23',37),(1605564676,33,0,33,'2020-11-16 17:11:16',1601477399),(1605566126,24,0,24,'2020-11-02 00:00:00',1601477399),(1605566161,39,0,39,'2020-11-04 00:00:00',1601477399),(1605566193,48,0,48,'2020-11-05 00:00:00',1601477399),(1605566222,51,0,51,'2020-11-06 00:00:00',1601477399),(1605566247,60,0,60,'2020-11-07 00:00:00',1601477399),(1605566272,36,0,36,'2020-11-09 00:00:00',1601477399),(1605566339,45,0,45,'2020-11-11 00:00:00',1601477399),(1605566426,41,2,39,'2020-11-13 00:00:00',1601477399),(1605566711,32,0,32,'2020-11-16 00:00:00',1601477399),(1605566745,38,0,38,'2020-11-14 00:00:00',1601477399),(1605566809,41,0,41,'2020-11-12 00:00:00',1601477399),(1605566948,34,19,15,'2020-11-13 00:00:00',1),(1605567215,45,3,42,'2020-11-14 00:00:00',33),(1605567333,14,0,14,'2020-11-13 00:00:00',3),(1605567372,22,5,17,'2020-11-12 00:00:00',3),(1605567407,30,0,30,'2020-11-11 00:00:00',3),(1605567452,29,2,27,'2020-11-10 00:00:00',3),(1605567499,40,1,39,'2020-11-06 00:00:00',3),(1605567533,39,3,36,'2020-11-05 00:00:00',3),(1605567569,17,0,17,'2020-11-03 00:00:00',3),(1605567961,18,0,18,'2020-11-13 00:00:00',23),(1605568046,55,10,45,'2020-11-12 00:00:00',5),(1605568101,46,0,46,'2020-11-11 00:00:00',33),(1605568144,60,0,60,'2020-11-06 00:00:00',3),(1605568202,85,20,65,'2020-11-05 00:00:00',1595463186),(1605568232,55,0,55,'2020-11-03 00:00:00',5),(1605568269,45,0,45,'2020-10-30 00:00:00',5),(1605568306,32,0,32,'2020-10-27 00:00:00',33),(1605568370,25,0,25,'2020-10-22 00:00:00',33),(1605568921,32,17,15,'2020-10-22 00:00:00',18),(1605569004,18,5,13,'2020-10-23 00:00:00',18),(1605569045,22,1,21,'2020-10-27 00:00:00',18),(1605569105,21,0,21,'2020-10-29 00:00:00',1),(1605569156,22,1,21,'2020-10-28 00:00:00',18),(1605569261,15,7,8,'2020-10-30 00:00:00',1),(1605569298,17,0,17,'2020-11-03 00:00:00',1),(1605569477,30,4,26,'2020-11-04 00:00:00',1),(1605569599,25,4,21,'2020-11-10 00:00:00',1),(1605573355,59,3,56,'2020-11-16 19:35:55',33),(1605627884,23,0,23,'2020-11-17 10:44:44',1596591839),(1605631175,25,0,25,'2020-11-17 11:39:35',1593758827),(1605637044,29,0,29,'2020-11-17 13:17:24',18),(1605639809,26,0,26,'2020-11-17 14:03:29',18),(1605642296,92,0,92,'2020-11-17 14:44:56',13),(1605643331,40,0,40,'2020-11-17 15:02:11',38),(1605646591,59,1,58,'2020-11-17 15:56:31',20),(1605649484,28,2,26,'2020-11-17 16:44:44',1595345881),(1605653089,35,2,33,'2020-11-17 17:44:49',34),(1605653401,6,0,6,'2020-11-17 17:50:01',18),(1605654361,33,4,29,'2020-11-17 18:06:01',16),(1605657892,79,0,79,'2020-11-17 19:04:52',33),(1605657997,46,1,45,'2020-11-17 19:06:37',37),(1605659719,21,0,21,'2020-11-17 19:35:19',1594207992),(1605660401,19,0,19,'2020-11-17 19:46:41',9),(1605718436,21,0,21,'2020-11-18 11:53:56',2),(1605723061,20,2,18,'2020-11-18 13:11:01',18),(1605723986,3,2,1,'2020-11-18 13:26:26',1597956046),(1605725116,20,0,20,'2020-11-18 13:45:16',38),(1605726296,20,2,18,'2020-11-18 14:04:56',37),(1605726826,52,1,51,'2020-11-18 14:13:46',1594207992),(1605728336,20,2,18,'2020-11-18 14:38:56',16),(1605730033,50,0,50,'2020-11-18 15:07:13',30),(1605730954,89,0,89,'2020-11-18 15:22:34',34),(1605736218,37,2,35,'2020-11-18 16:50:18',18),(1605737426,43,0,43,'2020-11-18 17:10:26',1601477399),(1605740667,41,3,38,'2020-11-18 18:04:27',1595345881),(1605744318,49,0,49,'2020-11-18 19:05:18',20),(1605744973,23,3,20,'2020-11-18 19:16:13',37),(1605748060,87,4,83,'2020-11-18 20:07:40',33),(1605752871,19,0,19,'2020-11-18 21:27:51',27),(1605753274,39,7,32,'2020-11-18 21:34:34',3),(1605753315,39,5,34,'2020-11-18 21:35:15',2),(1605753377,46,20,26,'2020-11-18 21:36:17',37),(1605754330,11,2,9,'2020-11-18 21:52:10',1595463186),(1605754429,4,0,4,'2020-11-18 21:53:49',1595346684),(1605800746,25,0,25,'2020-11-19 10:45:46',38),(1605802261,24,0,24,'2020-11-19 11:11:01',16),(1605803640,19,1,18,'2020-11-19 11:34:00',20),(1605806352,25,0,25,'2020-11-19 12:19:12',34),(1605806469,25,0,25,'2020-11-20 12:21:09',1),(1605808968,18,1,17,'2020-11-19 13:02:48',1595346064),(1605813168,84,0,84,'2020-11-19 14:12:48',34),(1605817495,16,0,16,'2020-11-19 15:24:55',1597956046),(1605822546,41,2,39,'2020-11-19 16:49:06',19),(1605823562,25,2,23,'2020-11-19 17:06:02',1595345881),(1605824076,20,1,19,'2020-11-19 17:14:36',37),(1605838542,24,1,23,'2020-11-19 21:15:42',1601477399),(1605840782,24,0,24,'2020-11-19 21:53:02',7),(1605853057,29,2,27,'2020-11-20 01:17:37',18),(1605869958,3,0,3,'2020-11-20 05:59:18',34),(1605884121,4,0,4,'2020-11-20 09:55:21',1594207992),(1605890508,28,0,28,'2020-11-20 11:41:48',33),(1605890815,15,1,14,'2020-11-20 11:46:55',38),(1605893133,18,0,18,'2020-11-20 12:25:33',1596591839),(1605897467,20,0,20,'2020-11-20 13:37:47',18),(1605898967,7,0,7,'2020-11-20 14:02:47',1595461985),(1605910687,20,2,18,'2020-11-20 17:18:07',34),(1605913556,31,3,28,'2020-11-20 18:05:56',16),(1605914603,39,1,38,'2020-11-20 18:23:23',1601477399),(1605986703,28,0,28,'2020-11-21 14:25:03',37),(1605992438,19,2,17,'2020-11-21 16:00:38',15),(1605993201,39,5,34,'2020-11-21 16:13:21',1593758827),(1606132692,49,0,49,'2020-11-19 00:00:00',1601477399),(1606132720,38,2,36,'2020-11-20 00:00:00',1601477399),(1606132754,54,1,53,'2020-11-21 00:00:00',1601477399),(1606132919,14,0,14,'2020-11-13 00:00:00',3),(1606132950,25,1,24,'2020-11-17 00:00:00',3),(1606132978,23,0,23,'2020-11-18 00:00:00',3),(1606133133,25,0,25,'2020-11-18 00:00:00',29),(1606141669,5,0,5,'2020-11-23 09:27:49',1593758827),(1606143059,14,0,14,'2020-11-23 09:50:59',2),(1606155498,29,0,29,'2020-11-23 13:18:18',19),(1606157379,20,9,11,'2020-11-23 13:49:39',27),(1606158027,15,1,14,'2020-11-23 14:00:27',1594219367),(1606170581,30,1,29,'2020-11-23 17:29:41',1601477399),(1606170611,33,1,32,'2020-11-23 17:30:11',1601477399),(1606187854,11,3,8,'2020-11-23 22:17:34',2),(1606232155,20,0,20,'2020-11-24 10:35:55',2),(1606232867,15,0,15,'2020-11-24 10:47:47',16),(1606246697,37,0,37,'2020-11-24 14:38:17',34),(1606250817,30,0,30,'2020-11-24 15:46:57',34),(1606251065,52,2,50,'2020-11-24 15:51:05',20),(1606252377,112,49,63,'2020-11-11 00:00:00',37),(1606252505,38,1,37,'2020-11-12 00:00:00',37),(1606252527,57,0,57,'2020-11-13 00:00:00',1),(1606252544,92,0,92,'2020-11-14 00:00:00',1),(1606252563,33,1,32,'2020-11-17 00:00:00',1),(1606252625,26,3,23,'2020-11-18 00:00:00',1),(1606252654,43,0,43,'2020-11-19 00:00:00',37),(1606252684,19,4,15,'2020-11-20 00:00:00',27),(1606253493,32,0,32,'2020-11-24 16:31:33',12),(1606254069,37,1,36,'2020-11-24 16:41:09',34),(1606255562,13,3,10,'2020-11-24 17:06:02',20),(1606255676,25,0,25,'2020-11-24 17:07:56',1595346684),(1606257356,51,0,51,'2020-11-24 17:35:56',1593758827),(1606259463,12,0,12,'2020-11-24 18:11:03',34),(1606267579,52,2,50,'2020-11-24 20:26:19',16),(1606310914,20,0,20,'2020-11-25 08:28:34',2),(1606320770,25,0,25,'2020-11-25 11:12:50',1593758827),(1606321346,25,0,25,'2020-11-25 11:22:26',1593758827),(1606326470,29,0,29,'2020-11-25 12:47:50',1595463186),(1606328882,19,0,19,'2020-11-25 13:28:02',1595346064),(1606334509,37,3,34,'2020-11-25 15:01:49',20),(1606339199,20,3,17,'2020-11-25 16:19:59',2),(1606339643,20,2,18,'2020-11-25 16:27:23',34),(1606345547,37,2,35,'2020-11-25 18:05:47',16),(1606346115,25,0,25,'2020-11-25 18:15:15',17),(1606351115,35,8,27,'2020-11-25 19:38:35',2),(1606354158,47,0,47,'2020-11-25 20:29:18',33),(1606355648,42,0,42,'2020-11-25 20:54:08',1593758827),(1606355876,15,4,11,'2020-11-25 20:57:56',12),(1606355889,26,0,26,'2020-11-25 20:58:09',1),(1606355920,17,0,17,'2020-11-25 20:58:40',16),(1606356083,30,2,28,'2020-11-25 21:01:23',37),(1606356123,32,5,27,'2020-11-25 21:02:03',27),(1606356175,16,0,16,'2020-11-25 21:02:55',2),(1606356223,19,2,17,'2020-11-25 21:03:43',7),(1606356284,19,0,19,'2020-11-25 21:04:44',39),(1606356330,18,0,18,'2020-11-25 21:05:30',9),(1606356368,15,0,15,'2020-11-25 21:06:08',17),(1606356413,25,5,20,'2020-11-25 21:06:53',37),(1606407408,46,0,46,'2020-11-24 00:00:00',33),(1606408908,110,2,108,'2020-10-21 00:00:00',1),(1606408931,67,1,66,'2020-10-22 00:00:00',1),(1606408952,19,4,15,'2020-10-23 00:00:00',1),(1606408977,42,0,42,'2020-10-24 00:00:00',1),(1606409006,21,9,12,'2020-10-28 00:00:00',1),(1606409028,14,2,12,'2020-10-29 00:00:00',1),(1606409045,31,5,26,'2020-10-30 00:00:00',1),(1606409066,25,0,25,'2020-11-03 00:00:00',1),(1606409090,49,0,49,'2020-11-04 00:00:00',1),(1606409115,72,2,70,'2020-11-05 00:00:00',1),(1606409184,70,2,68,'2020-11-06 00:00:00',1),(1606409215,87,0,87,'2020-11-07 00:00:00',1),(1606409230,112,49,63,'2020-11-11 00:00:00',1),(1606409260,38,1,37,'2020-11-12 00:00:00',1),(1606409283,57,0,57,'2020-11-13 00:00:00',1),(1606409313,33,1,32,'2020-11-17 00:00:00',1),(1606409340,26,3,23,'2020-11-08 00:00:00',1),(1606409371,26,3,23,'2020-11-18 00:00:00',1),(1606409404,43,0,43,'2020-11-19 00:00:00',1),(1606409422,19,4,15,'2020-11-20 00:00:00',1),(1606409745,14,0,14,'2020-10-28 00:00:00',1),(1606409762,12,0,12,'2020-10-29 00:00:00',1),(1606409958,20,0,20,'2020-11-12 00:00:00',1),(1606409985,51,0,51,'2020-11-14 00:00:00',1),(1606410001,58,0,58,'2020-11-16 00:00:00',1),(1606410018,38,0,38,'2020-11-17 00:00:00',1),(1606410034,23,0,23,'2020-11-18 00:00:00',1),(1606410047,16,0,16,'2020-11-19 00:00:00',1),(1606410069,28,1,27,'2020-11-20 00:00:00',1),(1606410179,49,1,48,'2020-10-21 00:00:00',1),(1606410193,34,4,30,'2020-10-24 00:00:00',1),(1606410232,11,0,11,'2020-10-28 00:00:00',1),(1606410269,10,0,10,'2020-10-29 00:00:00',1),(1606410292,22,1,21,'2020-11-03 00:00:00',1),(1606410307,15,0,15,'2020-11-04 00:00:00',1),(1606410336,18,0,18,'2020-11-05 00:00:00',1),(1606410356,16,0,16,'2020-11-06 00:00:00',1),(1606410373,35,4,31,'2020-11-07 00:00:00',1),(1606410392,11,0,11,'2020-11-10 00:00:00',1),(1606410414,27,0,27,'2020-11-11 00:00:00',1),(1606410434,27,5,22,'2020-11-14 00:00:00',1),(1606410460,28,2,26,'2020-11-12 00:00:00',1),(1606410508,4,0,4,'2020-11-26 12:08:28',1594207992),(1606411176,10,1,9,'2020-11-26 12:19:36',33),(1606411389,33,0,33,'2020-11-26 12:23:09',33),(1606417750,27,2,25,'2020-11-09 00:00:00',1),(1606417769,34,1,33,'2020-11-10 00:00:00',1),(1606417785,41,9,32,'2020-11-17 00:00:00',1),(1606417800,4,0,4,'2020-11-18 00:00:00',1),(1606417820,27,6,21,'2020-11-19 00:00:00',1),(1606417849,5,1,4,'2020-11-20 00:00:00',1),(1606420517,41,3,38,'2020-11-26 14:55:17',23),(1606420737,8,1,7,'2020-11-03 00:00:00',3),(1606420850,23,3,20,'2020-11-04 00:00:00',3),(1606420908,9,0,9,'2020-11-09 00:00:00',3),(1606420933,21,1,20,'2020-11-10 00:00:00',3),(1606420953,20,0,20,'2020-11-11 00:00:00',3),(1606420972,17,2,15,'2020-11-12 00:00:00',3),(1606420998,17,5,12,'2020-11-13 00:00:00',3),(1606421020,11,1,10,'2020-11-16 00:00:00',3),(1606421042,22,1,21,'2020-11-17 00:00:00',3),(1606421065,10,1,9,'2020-11-18 00:00:00',3),(1606421087,6,1,5,'2020-11-19 00:00:00',3),(1606421108,6,1,5,'2020-11-20 00:00:00',3),(1606421314,20,1,19,'2020-11-27 00:00:00',3),(1606421351,13,4,9,'2020-11-29 00:00:00',3),(1606430576,23,0,23,'2020-11-26 17:42:56',1596591839),(1606431947,41,0,41,'2020-11-26 18:05:47',15),(1606432009,22,2,20,'2020-11-26 18:06:49',20),(1606434071,31,0,31,'2020-11-26 18:41:11',20),(1606437638,31,2,29,'2020-11-26 19:40:38',2),(1606441386,42,0,42,'2020-11-26 20:43:06',1601477399),(1606441457,43,1,42,'2020-11-26 20:44:17',1601477399),(1606444331,29,4,25,'2020-11-26 21:32:11',16),(1606497018,4,0,4,'2020-11-27 12:10:18',1593758827),(1606498614,25,0,25,'2020-11-27 12:36:54',2),(1606504323,15,0,15,'2020-11-27 14:12:03',34),(1606509372,25,3,22,'2020-11-24 00:00:00',1595346684),(1606509399,40,0,40,'2020-11-26 00:00:00',17),(1606509758,22,0,22,'2020-11-27 15:42:38',17),(1606511366,21,1,20,'2020-11-27 16:09:26',1594219367),(1606516040,17,0,17,'2020-11-27 17:27:20',38),(1606517265,39,0,39,'2020-11-27 17:47:45',33),(1606517369,31,1,30,'2020-11-27 17:49:29',2),(1606521352,30,5,25,'2020-11-27 18:55:52',15),(1606522274,33,0,33,'2020-11-27 19:11:14',1601477399),(1606594196,16,7,9,'2020-11-28 15:09:56',1595463186),(1606597872,26,0,26,'2020-11-28 16:11:12',37),(1606598184,43,22,21,'2020-11-09 00:00:00',1),(1606598219,59,27,32,'2020-11-10 00:00:00',1),(1606598235,63,26,37,'2020-11-11 00:00:00',1),(1606598252,33,6,27,'2020-11-12 00:00:00',1),(1606598268,30,2,28,'2020-11-13 00:00:00',1),(1606598288,21,4,17,'2020-11-16 00:00:00',1),(1606598304,39,5,34,'2020-11-17 00:00:00',1),(1606598320,20,1,19,'2020-11-18 00:00:00',1),(1606598334,15,2,13,'2020-11-19 00:00:00',1),(1606598349,25,7,18,'2020-11-20 00:00:00',1),(1606607548,24,2,22,'2020-11-28 18:52:28',1601477399),(1606610326,117,0,117,'2020-11-28 19:38:46',13),(1606851013,45,0,45,'2020-12-01 14:30:13',17),(1606856714,41,0,41,'2020-12-01 16:05:14',34),(1606859838,45,1,44,'2020-12-01 16:57:18',1595346684),(1606861008,32,0,32,'2020-12-01 17:16:48',5),(1606868896,24,6,18,'2020-12-01 19:28:16',13),(1606869430,58,2,56,'2020-12-01 19:37:10',16),(1606871080,105,2,103,'2020-12-01 20:04:40',1593758827),(1606871794,48,0,48,'2020-12-01 20:16:34',34),(1606945478,41,3,38,'2020-12-02 16:44:38',9),(1606950703,46,1,45,'2020-12-02 18:11:43',5),(1606950767,49,4,45,'2020-12-02 18:12:47',18),(1606950824,34,4,30,'2020-12-02 18:13:44',16),(1606952660,27,0,27,'2020-12-02 18:44:20',1601477399),(1606952709,27,0,27,'2020-12-02 18:45:09',1601477399),(1606953788,86,1,85,'2020-12-02 19:03:08',1593758827);
/*!40000 ALTER TABLE `reparto` ENABLE KEYS */;
UNLOCK TABLES;

--
-- Table structure for table `reparto_chofer`
--

DROP TABLE IF EXISTS `reparto_chofer`;
/*!40101 SET @saved_cs_client     = @@character_set_client */;
/*!40101 SET character_set_client = utf8 */;
CREATE TABLE `reparto_chofer` (
  `chofer` int(11) NOT NULL,
  `reparto` int(11) NOT NULL,
  `status_reparto` varchar(45) NOT NULL,
  PRIMARY KEY (`chofer`,`reparto`),
  KEY `fk_chofer_has_reparto_reparto1_idx` (`reparto`),
  KEY `fk_chofer_has_reparto_chofer1_idx` (`chofer`),
  CONSTRAINT `fk_chofer_has_reparto_chofer1` FOREIGN KEY (`chofer`) REFERENCES `chofer` (`idchofer`) ON DELETE CASCADE ON UPDATE CASCADE,
  CONSTRAINT `fk_chofer_has_reparto_reparto1` FOREIGN KEY (`reparto`) REFERENCES `reparto` (`idreparto`) ON DELETE CASCADE ON UPDATE CASCADE
) ENGINE=InnoDB DEFAULT CHARSET=utf8;
/*!40101 SET character_set_client = @saved_cs_client */;

--
-- Dumping data for table `reparto_chofer`
--

LOCK TABLES `reparto_chofer` WRITE;
/*!40000 ALTER TABLE `reparto_chofer` DISABLE KEYS */;
INSERT INTO `reparto_chofer` VALUES (1593753957,1593825988,'FINALIZADO'),(1593753957,1594162134,'FINALIZADO'),(1593753957,1594247823,'FINALIZADO'),(1593753957,1594418941,'FINALIZADO'),(1593753957,1594496517,'FINALIZADO'),(1593753957,1594681534,'FINALIZADO'),(1593753957,1594681574,'FINALIZADO'),(1593753957,1594765034,'FINALIZADO'),(1593753957,1594849317,'FINALIZADO'),(1593753957,1595019926,'FINALIZADO'),(1593753957,1595375715,'FINALIZADO'),(1593753957,1595455593,'FINALIZADO'),(1593753957,1595624704,'FINALIZADO'),(1593753957,1595972306,'FINALIZADO'),(1593753957,1596055410,'FINALIZADO'),(1593753957,1596062392,'FINALIZADO'),(1593753957,1596135482,'FINALIZADO'),(1593753957,1596233876,'FINALIZADO'),(1593753957,1596578278,'FINALIZADO'),(1593753957,1596662091,'FINALIZADO'),(1593753957,1596746468,'FINALIZADO'),(1593753957,1596837501,'FINALIZADO'),(1593753957,1597179401,'FINALIZADO'),(1593753957,1597274285,'FINALIZADO'),(1593753957,1597365581,'FINALIZADO'),(1593753957,1597444275,'FINALIZADO'),(1593753957,1597529598,'FINALIZADO'),(1593753957,1597677493,'FINALIZADO'),(1593753957,1597785967,'FINALIZADO'),(1593753957,1597874248,'FINALIZADO'),(1593753957,1597978671,'FINALIZADO'),(1593753957,1598413635,'FINALIZADO'),(1593753957,1598563908,'FINALIZADO'),(1593753957,1598626096,'FINALIZADO'),(1593753957,1598993186,'FINALIZADO'),(1593753957,1599086192,'FINALIZADO'),(1593753957,1599180095,'FINALIZADO'),(1593753957,1599265869,'FINALIZADO'),(1593753957,1599588825,'FINALIZADO'),(1593753957,1599762750,'FINALIZADO'),(1593753957,1599851591,'FINALIZADO'),(1593753957,1600123018,'FINALIZADO'),(1593753957,1600123197,'FINALIZADO'),(1593753957,1600217836,'FINALIZADO'),(1593753957,1600806932,'FINALIZADO'),(1593753957,1600892928,'FINALIZADO'),(1593753957,1600986959,'FINALIZADO'),(1593753957,1601069247,'FINALIZADO'),(1593753957,1601582844,'FINALIZADO'),(1593753957,1601641486,'FINALIZADO'),(1593753957,1602016261,'FINALIZADO'),(1593753957,1604339983,'FINALIZADO'),(1593754290,1593825986,'FINALIZADO'),(1593754290,1594679968,'FINALIZADO'),(1593754290,1594680007,'FINALIZADO'),(1593754290,1594680033,'FINALIZADO'),(1593754290,1594680052,'FINALIZADO'),(1593754290,1594680087,'FINALIZADO'),(1593754290,1594680109,'FINALIZADO'),(1593754290,1594680181,'FINALIZADO'),(1593754290,1594680205,'FINALIZADO'),(1593754290,1595426992,'FINALIZADO'),(1593754290,1595685059,'FINALIZADO'),(1593754290,1595685076,'FINALIZADO'),(1593754290,1595685091,'FINALIZADO'),(1593754290,1595685116,'FINALIZADO'),(1593754290,1596073215,'FINALIZADO'),(1593754290,1597000984,'FINALIZADO'),(1593754290,1597001015,'FINALIZADO'),(1593754290,1597001045,'FINALIZADO'),(1593754290,1597001064,'FINALIZADO'),(1593754290,1597001100,'FINALIZADO'),(1593754290,1597001127,'FINALIZADO'),(1593754290,1597001164,'FINALIZADO'),(1593754290,1597001199,'FINALIZADO'),(1593754290,1597001217,'FINALIZADO'),(1593754290,1597001237,'FINALIZADO'),(1593754290,1597001251,'FINALIZADO'),(1593754290,1597001269,'FINALIZADO'),(1593754290,1597191829,'FINALIZADO'),(1593754290,1597282199,'FINALIZADO'),(1593754290,1597689944,'FINALIZADO'),(1593754290,1597868876,'FINALIZADO'),(1593754290,1597879988,'FINALIZADO'),(1593754290,1597962967,'FINALIZADO'),(1593754290,1598485149,'FINALIZADO'),(1593754290,1598485162,'FINALIZADO'),(1593754290,1598538145,'FINALIZADO'),(1593754290,1598577494,'FINALIZADO'),(1593754290,1599083288,'FINALIZADO'),(1593754290,1600123967,'FINALIZADO'),(1593754290,1600124001,'FINALIZADO'),(1593754290,1600124018,'FINALIZADO'),(1593754290,1600124036,'FINALIZADO'),(1593754290,1600124052,'FINALIZADO'),(1593754290,1600124066,'FINALIZADO'),(1593754290,1600124083,'FINALIZADO'),(1593754290,1600124099,'FINALIZADO'),(1593754290,1600132513,'FINALIZADO'),(1593754290,1600215836,'FINALIZADO'),(1593754290,1600302034,'FINALIZADO'),(1593754290,1600723796,'FINALIZADO'),(1593754290,1600885171,'FINALIZADO'),(1593754525,1594298705,'FINALIZADO'),(1593754525,1594298729,'FINALIZADO'),(1593754525,1594344250,'FINALIZADO'),(1593754525,1594431479,'FINALIZADO'),(1593754525,1595281114,'FINALIZADO'),(1593754525,1595281141,'FINALIZADO'),(1593754525,1595281185,'FINALIZADO'),(1593754525,1595281213,'FINALIZADO'),(1593754525,1595281247,'FINALIZADO'),(1593754525,1595281279,'FINALIZADO'),(1593754525,1595282389,'FINALIZADO'),(1593754525,1595282413,'FINALIZADO'),(1593754525,1595282436,'FINALIZADO'),(1593754525,1596925788,'FINALIZADO'),(1593754525,1596925832,'FINALIZADO'),(1593754525,1596925862,'FINALIZADO'),(1593754525,1596925905,'FINALIZADO'),(1593754525,1597007315,'FINALIZADO'),(1593754525,1597007344,'FINALIZADO'),(1593754525,1597007370,'FINALIZADO'),(1593754525,1597007406,'FINALIZADO'),(1593754525,1597007431,'FINALIZADO'),(1593754525,1597007481,'FINALIZADO'),(1593754525,1597007495,'FINALIZADO'),(1593754525,1597007515,'FINALIZADO'),(1593754525,1597007536,'FINALIZADO'),(1593754525,1597007550,'FINALIZADO'),(1593754525,1597007565,'FINALIZADO'),(1593754525,1597007582,'FINALIZADO'),(1593754525,1597007599,'FINALIZADO'),(1593754525,1597007635,'FINALIZADO'),(1593754525,1597876179,'FINALIZADO'),(1593754525,1597876197,'FINALIZADO'),(1593754525,1597876217,'FINALIZADO'),(1593754525,1597876241,'FINALIZADO'),(1593754525,1597876261,'FINALIZADO'),(1593754525,1597876282,'FINALIZADO'),(1593754525,1597876301,'FINALIZADO'),(1593754525,1598057605,'FINALIZADO'),(1593754525,1598057620,'FINALIZADO'),(1593754525,1598057634,'FINALIZADO'),(1593754525,1600802838,'PENDIENTE'),(1593754525,1600802879,'FINALIZADO'),(1593754525,1600802892,'FINALIZADO'),(1593754525,1600802911,'FINALIZADO'),(1593754525,1600803006,'FINALIZADO'),(1593754525,1600803027,'FINALIZADO'),(1593754525,1600803070,'FINALIZADO'),(1593754525,1600803087,'FINALIZADO'),(1593754525,1600803103,'FINALIZADO'),(1593754525,1600803119,'FINALIZADO'),(1593754525,1600803158,'FINALIZADO'),(1593754525,1600803183,'FINALIZADO'),(1593754525,1600803202,'FINALIZADO'),(1593754525,1600803216,'FINALIZADO'),(1593754525,1600803231,'FINALIZADO'),(1593754525,1600803247,'FINALIZADO'),(1593754525,1600803261,'FINALIZADO'),(1593754525,1600803277,'FINALIZADO'),(1593754525,1603330000,'FINALIZADO'),(1593754525,1603330012,'FINALIZADO'),(1593754525,1603330025,'FINALIZADO'),(1593754525,1603330042,'FINALIZADO'),(1593754525,1603330116,'FINALIZADO'),(1593754525,1603330212,'FINALIZADO'),(1593754525,1603330225,'FINALIZADO'),(1593754525,1603330239,'FINALIZADO'),(1593754525,1603330280,'FINALIZADO'),(1593754525,1603330299,'FINALIZADO'),(1593754525,1603330426,'FINALIZADO'),(1593754525,1603330442,'FINALIZADO'),(1593754525,1603330463,'FINALIZADO'),(1593754525,1603330509,'FINALIZADO'),(1593754525,1603330529,'FINALIZADO'),(1593754525,1603330554,'FINALIZADO'),(1593754525,1603330575,'FINALIZADO'),(1593754525,1603330619,'FINALIZADO'),(1593754525,1603330634,'FINALIZADO'),(1593754525,1606410179,'FINALIZADO'),(1593754525,1606410193,'FINALIZADO'),(1593754525,1606410232,'FINALIZADO'),(1593754525,1606410269,'FINALIZADO'),(1593754525,1606410292,'FINALIZADO'),(1593754525,1606410307,'FINALIZADO'),(1593754525,1606410336,'FINALIZADO'),(1593754525,1606410356,'FINALIZADO'),(1593754525,1606410373,'FINALIZADO'),(1593754525,1606410392,'FINALIZADO'),(1593754525,1606410414,'FINALIZADO'),(1593754525,1606410434,'FINALIZADO'),(1593754525,1606410460,'FINALIZADO'),(1593754701,1594776840,'FINALIZADO'),(1593754701,1594776876,'FINALIZADO'),(1593754701,1594776909,'FINALIZADO'),(1593754701,1594776933,'FINALIZADO'),(1593754701,1594776964,'FINALIZADO'),(1593754701,1594776991,'FINALIZADO'),(1593754701,1594777026,'FINALIZADO'),(1593754701,1594777056,'FINALIZADO'),(1593754701,1594844994,'FINALIZADO'),(1593754701,1595023168,'FINALIZADO'),(1593754701,1595110087,'FINALIZADO'),(1593754701,1595376229,'FINALIZADO'),(1593754701,1595454180,'FINALIZADO'),(1593754701,1595553716,'FINALIZADO'),(1593754701,1595632207,'FINALIZADO'),(1593754701,1595977045,'FINALIZADO'),(1593754701,1596067261,'FINALIZADO'),(1593754701,1596209005,'FINALIZADO'),(1593754701,1596577207,'FINALIZADO'),(1593754701,1596662701,'FINALIZADO'),(1593754701,1596757607,'FINALIZADO'),(1593754701,1596835769,'FINALIZADO'),(1593754701,1597083082,'FINALIZADO'),(1593754701,1597183225,'FINALIZADO'),(1593754701,1597274390,'FINALIZADO'),(1593754701,1597788836,'FINALIZADO'),(1593754701,1597873632,'FINALIZADO'),(1593754701,1597964187,'FINALIZADO'),(1593754701,1598391931,'FINALIZADO'),(1593754701,1598481606,'FINALIZADO'),(1593754701,1598562192,'FINALIZADO'),(1593754701,1598996656,'FINALIZADO'),(1593754701,1599082506,'FINALIZADO'),(1593754701,1599164716,'FINALIZADO'),(1593754701,1599260245,'FINALIZADO'),(1593754701,1599603749,'FINALIZADO'),(1593754701,1599681536,'FINALIZADO'),(1593754701,1599770408,'FINALIZADO'),(1593754701,1600203337,'FINALIZADO'),(1593754701,1600289781,'FINALIZADO'),(1593754701,1600804229,'FINALIZADO'),(1593754701,1600894733,'FINALIZADO'),(1593754701,1601069252,'FINALIZADO'),(1593754701,1601412717,'FINALIZADO'),(1593754701,1601581069,'FINALIZADO'),(1593754701,1601671022,'FINALIZADO'),(1593754701,1602021861,'FINALIZADO'),(1593754701,1602102018,'FINALIZADO'),(1593754701,1602890293,'FINALIZADO'),(1593754701,1603279562,'FINALIZADO'),(1593754701,1603831163,'FINALIZADO'),(1593754701,1603916596,'FINALIZADO'),(1593754701,1604002565,'FINALIZADO'),(1593754701,1604444456,'FINALIZADO'),(1593754701,1604526444,'FINALIZADO'),(1593754701,1604607360,'FINALIZADO'),(1593754701,1604697051,'FINALIZADO'),(1593754701,1605042635,'FINALIZADO'),(1593754701,1605128105,'FINALIZADO'),(1593754701,1605646591,'FINALIZADO'),(1593754701,1605744318,'FINALIZADO'),(1593754701,1606251065,'FINALIZADO'),(1593754701,1606334509,'FINALIZADO'),(1593754701,1606434071,'FINALIZADO'),(1593754813,1593826159,'FINALIZADO'),(1593754813,1594084870,'FINALIZADO'),(1593754813,1594219396,'FINALIZADO'),(1593754813,1594258726,'FINALIZADO'),(1593754813,1594426260,'FINALIZADO'),(1593754813,1594696804,'FINALIZADO'),(1593754813,1594811184,'FINALIZADO'),(1593754813,1594868381,'FINALIZADO'),(1593754813,1595040188,'FINALIZADO'),(1593754813,1595290638,'FINALIZADO'),(1593754813,1595387025,'FINALIZADO'),(1593754813,1595469522,'FINALIZADO'),(1593754813,1595550440,'FINALIZADO'),(1593754813,1595605478,'FINALIZADO'),(1593754813,1595605494,'FINALIZADO'),(1593754813,1595687756,'FINALIZADO'),(1593754813,1595905773,'FINALIZADO'),(1593754813,1595987872,'FINALIZADO'),(1593754813,1596071314,'FINALIZADO'),(1593754813,1596164719,'FINALIZADO'),(1593754813,1596247601,'FINALIZADO'),(1593754813,1596549195,'FINALIZADO'),(1593754813,1596587834,'FINALIZADO'),(1593754813,1596722684,'FINALIZADO'),(1593754813,1596758787,'FINALIZADO'),(1593754813,1596890666,'FINALIZADO'),(1593754813,1597104492,'FINALIZADO'),(1593754813,1597104523,'FINALIZADO'),(1593754813,1597276094,'FINALIZADO'),(1593754813,1597276120,'FINALIZADO'),(1593754813,1597370515,'FINALIZADO'),(1593754813,1597461485,'FINALIZADO'),(1593754813,1597713530,'FINALIZADO'),(1593754813,1597713549,'FINALIZADO'),(1593754813,1597790037,'FINALIZADO'),(1593754813,1597885564,'FINALIZADO'),(1593754813,1597962787,'FINALIZADO'),(1593754813,1598060961,'FINALIZADO'),(1593754813,1598137853,'FINALIZADO'),(1593754813,1598400671,'FINALIZADO'),(1593754813,1598493752,'FINALIZADO'),(1593754813,1598571014,'FINALIZADO'),(1593754813,1598663014,'FINALIZADO'),(1593754813,1598744939,'FINALIZADO'),(1593754813,1599005070,'FINALIZADO'),(1593754813,1600813110,'FINALIZADO'),(1593754813,1600813127,'FINALIZADO'),(1593754813,1600813145,'FINALIZADO'),(1593754813,1600813159,'FINALIZADO'),(1593754813,1600813173,'FINALIZADO'),(1593754813,1600813189,'FINALIZADO'),(1593754813,1600813203,'FINALIZADO'),(1593754813,1600813223,'FINALIZADO'),(1593754813,1600813236,'FINALIZADO'),(1593754813,1600813250,'FINALIZADO'),(1593754813,1600813268,'FINALIZADO'),(1593754813,1600813287,'FINALIZADO'),(1593754813,1603243838,'FINALIZADO'),(1593754813,1603244080,'FINALIZADO'),(1593754813,1603244195,'FINALIZADO'),(1593754813,1603244286,'FINALIZADO'),(1593754813,1603244344,'FINALIZADO'),(1593754813,1603244440,'FINALIZADO'),(1593754813,1603244478,'FINALIZADO'),(1593754813,1603244522,'FINALIZADO'),(1593754813,1603244586,'FINALIZADO'),(1593754813,1603244632,'FINALIZADO'),(1593754813,1603244668,'FINALIZADO'),(1593754813,1603244723,'FINALIZADO'),(1593754813,1603284005,'FINALIZADO'),(1593754813,1603284062,'FINALIZADO'),(1593754813,1603284088,'FINALIZADO'),(1593754813,1603284137,'FINALIZADO'),(1593754813,1603284161,'FINALIZADO'),(1593754813,1603284203,'FINALIZADO'),(1593754813,1603312539,'FINALIZADO'),(1593754813,1603449198,'FINALIZADO'),(1593754813,1604491446,'FINALIZADO'),(1593754813,1604492029,'FINALIZADO'),(1593754813,1604492103,'FINALIZADO'),(1593754813,1604492137,'FINALIZADO'),(1593754813,1604492190,'PENDIENTE'),(1593754813,1604492240,'FINALIZADO'),(1593754813,1604541933,'FINALIZADO'),(1593754813,1604616746,'FINALIZADO'),(1593754813,1605384935,'FINALIZADO'),(1593754813,1605384993,'FINALIZADO'),(1593754813,1606252377,'FINALIZADO'),(1593754813,1606252505,'FINALIZADO'),(1593754813,1606252527,'FINALIZADO'),(1593754813,1606252544,'FINALIZADO'),(1593754813,1606252563,'FINALIZADO'),(1593754813,1606252625,'FINALIZADO'),(1593754813,1606252654,'FINALIZADO'),(1593754813,1606252684,'FINALIZADO'),(1593755472,1593826162,'FINALIZADO'),(1593755472,1595605764,'FINALIZADO'),(1593755472,1595605779,'FINALIZADO'),(1593755472,1595605794,'FINALIZADO'),(1593755472,1595605809,'FINALIZADO'),(1593755472,1595605833,'FINALIZADO'),(1593755472,1595605847,'FINALIZADO'),(1593755472,1595605858,'FINALIZADO'),(1593755472,1597195905,'FINALIZADO'),(1593755472,1597276515,'FINALIZADO'),(1593755472,1597368253,'FINALIZADO'),(1593755472,1597690299,'FINALIZADO'),(1593755472,1597690336,'FINALIZADO'),(1593755472,1597709930,'FINALIZADO'),(1593755472,1597790948,'FINALIZADO'),(1593755472,1597878846,'FINALIZADO'),(1593755472,1597878868,'FINALIZADO'),(1593755472,1597878886,'FINALIZADO'),(1593755472,1597878925,'FINALIZADO'),(1593755472,1597878948,'FINALIZADO'),(1593755472,1597962996,'FINALIZADO'),(1593755472,1597963040,'FINALIZADO'),(1593755472,1598109454,'FINALIZADO'),(1593755472,1598294222,'FINALIZADO'),(1593755472,1598392101,'FINALIZADO'),(1593755472,1598483535,'FINALIZADO'),(1593755472,1598712961,'FINALIZADO'),(1593755472,1600805281,'FINALIZADO'),(1593755472,1600805295,'FINALIZADO'),(1593755868,1595604099,'FINALIZADO'),(1593755868,1595604114,'FINALIZADO'),(1593755868,1595604129,'FINALIZADO'),(1593755868,1595604149,'FINALIZADO'),(1593755868,1595604167,'FINALIZADO'),(1593755868,1595604183,'FINALIZADO'),(1593755868,1595604199,'FINALIZADO'),(1593755868,1595604213,'FINALIZADO'),(1593755868,1595604234,'FINALIZADO'),(1593755868,1598559380,'FINALIZADO'),(1593755868,1598559397,'FINALIZADO'),(1593755868,1598559416,'FINALIZADO'),(1593755868,1598559504,'FINALIZADO'),(1593755868,1598559519,'FINALIZADO'),(1593755868,1598559534,'FINALIZADO'),(1593755868,1598559547,'FINALIZADO'),(1593756198,1593826201,'FINALIZADO'),(1593756198,1595376020,'FINALIZADO'),(1593756198,1595461205,'FINALIZADO'),(1593756198,1595549818,'FINALIZADO'),(1593756198,1595549842,'FINALIZADO'),(1593756198,1595549868,'FINALIZADO'),(1593756198,1595549896,'FINALIZADO'),(1593756198,1595549923,'FINALIZADO'),(1593756198,1595549943,'FINALIZADO'),(1593756198,1595549967,'FINALIZADO'),(1593756198,1595549997,'FINALIZADO'),(1593756198,1595550019,'FINALIZADO'),(1593756198,1595550047,'FINALIZADO'),(1593756198,1595550069,'FINALIZADO'),(1593756198,1595550202,'FINALIZADO'),(1593756198,1595890776,'FINALIZADO'),(1593756198,1595983905,'FINALIZADO'),(1593756198,1596060166,'FINALIZADO'),(1593756198,1596149393,'FINALIZADO'),(1593756198,1596494292,'FINALIZADO'),(1593756198,1596579142,'FINALIZADO'),(1593756198,1596751358,'FINALIZADO'),(1593756198,1596752710,'FINALIZADO'),(1593756198,1597009215,'FINALIZADO'),(1593756198,1597117208,'FINALIZADO'),(1593756198,1597195329,'FINALIZADO'),(1593756198,1597374729,'FINALIZADO'),(1593756198,1597374783,'FINALIZADO'),(1593756198,1597442788,'FINALIZADO'),(1593756198,1597777429,'FINALIZADO'),(1593756198,1597791286,'FINALIZADO'),(1593756198,1597885214,'FINALIZADO'),(1593756198,1597962201,'FINALIZADO'),(1593756198,1598035571,'FINALIZADO'),(1593756198,1598309504,'FINALIZADO'),(1593756198,1598389242,'FINALIZADO'),(1593756198,1598475484,'FINALIZADO'),(1593756198,1598570174,'FINALIZADO'),(1593756198,1598735255,'FINALIZADO'),(1593756198,1598920711,'FINALIZADO'),(1593756198,1598986066,'FINALIZADO'),(1593756198,1599171917,'FINALIZADO'),(1593756198,1599256906,'FINALIZADO'),(1593756198,1599498466,'FINALIZADO'),(1593756198,1599499156,'FINALIZADO'),(1593756198,1599600785,'FINALIZADO'),(1593756198,1599738789,'FINALIZADO'),(1593756198,1599795762,'FINALIZADO'),(1593756198,1600223799,'FINALIZADO'),(1593756198,1600262051,'FINALIZADO'),(1593756198,1600712861,'FINALIZADO'),(1593756198,1600802028,'FINALIZADO'),(1593756198,1600815614,'FINALIZADO'),(1593756198,1600962938,'FINALIZADO'),(1593756198,1600962956,'FINALIZADO'),(1593756389,1593826197,'FINALIZADO'),(1593756389,1594091309,'FINALIZADO'),(1593756389,1594338197,'FINALIZADO'),(1593756389,1594441662,'FINALIZADO'),(1593756389,1594510946,'FINALIZADO'),(1593756389,1594685704,'FINALIZADO'),(1593756389,1594766681,'FINALIZADO'),(1593756389,1594855824,'FINALIZADO'),(1593756389,1595028978,'FINALIZADO'),(1593756389,1595296598,'FINALIZADO'),(1593756389,1595389855,'FINALIZADO'),(1593756389,1595426042,'FINALIZADO'),(1593756389,1595426074,'FINALIZADO'),(1593756389,1595467664,'FINALIZADO'),(1593756389,1595557446,'FINALIZADO'),(1593756389,1595627737,'FINALIZADO'),(1593756389,1595890682,'FINALIZADO'),(1593756389,1595993092,'FINALIZADO'),(1593756389,1596068054,'FINALIZADO'),(1593756389,1596245425,'FINALIZADO'),(1593756389,1596507002,'FINALIZADO'),(1593756389,1596593253,'FINALIZADO'),(1593756389,1596684506,'FINALIZADO'),(1593756389,1596838231,'FINALIZADO'),(1593756389,1597117403,'FINALIZADO'),(1593756389,1597171644,'FINALIZADO'),(1593756389,1597455357,'FINALIZADO'),(1593756389,1597534008,'FINALIZADO'),(1593756389,1597980921,'FINALIZADO'),(1593756389,1598326842,'FINALIZADO'),(1593756389,1598413668,'FINALIZADO'),(1593756389,1598496890,'FINALIZADO'),(1593756389,1598584340,'FINALIZADO'),(1593756389,1598670059,'FINALIZADO'),(1593756389,1598932799,'FINALIZADO'),(1593756389,1599017543,'FINALIZADO'),(1593756389,1599102562,'FINALIZADO'),(1593756389,1599276265,'FINALIZADO'),(1593756389,1599531472,'FINALIZADO'),(1593756389,1599617386,'FINALIZADO'),(1593756389,1599858091,'FINALIZADO'),(1593756389,1600127744,'FINALIZADO'),(1593756389,1600128133,'FINALIZADO'),(1593757395,1593826194,'FINALIZADO'),(1593757395,1593826203,'FINALIZADO'),(1593757395,1594075055,'FINALIZADO'),(1593757395,1594261105,'FINALIZADO'),(1593757395,1594346125,'FINALIZADO'),(1593757395,1594862158,'FINALIZADO'),(1593757395,1595120082,'FINALIZADO'),(1593757395,1595303533,'FINALIZADO'),(1593757395,1595474510,'FINALIZADO'),(1593757395,1595625841,'FINALIZADO'),(1593757395,1595625866,'FINALIZADO'),(1593757395,1595637189,'FINALIZADO'),(1593757395,1595893347,'FINALIZADO'),(1593757395,1596155180,'FINALIZADO'),(1593757395,1596496287,'FINALIZADO'),(1593757395,1596681616,'FINALIZADO'),(1593757395,1596770699,'FINALIZADO'),(1593757395,1597096439,'FINALIZADO'),(1593757395,1597359285,'FINALIZADO'),(1593757395,1597455245,'FINALIZADO'),(1593757395,1597707196,'FINALIZADO'),(1593757395,1597875499,'FINALIZADO'),(1593757395,1597975265,'FINALIZADO'),(1593757395,1598058273,'FINALIZADO'),(1593757395,1598315871,'FINALIZADO'),(1593757395,1598493963,'FINALIZADO'),(1593757395,1598579256,'FINALIZADO'),(1593757395,1598661482,'FINALIZADO'),(1593757395,1598925320,'FINALIZADO'),(1593757395,1599101624,'FINALIZADO'),(1593757395,1599612343,'FINALIZADO'),(1593757395,1600224065,'FINALIZADO'),(1593757395,1600818444,'FINALIZADO'),(1593757525,1593826069,'FINALIZADO'),(1593757525,1595376116,'FINALIZADO'),(1593757525,1595511852,'FINALIZADO'),(1593757525,1595511881,'FINALIZADO'),(1593757525,1595511999,'FINALIZADO'),(1593757525,1595512020,'FINALIZADO'),(1593757525,1595512072,'FINALIZADO'),(1593757525,1595512147,'FINALIZADO'),(1593757525,1595512178,'FINALIZADO'),(1593757525,1595512195,'FINALIZADO'),(1593757525,1595512218,'FINALIZADO'),(1593757525,1595542471,'FINALIZADO'),(1593757525,1595623232,'FINALIZADO'),(1593757525,1595986785,'FINALIZADO'),(1593757525,1596072971,'FINALIZADO'),(1593757525,1596152976,'FINALIZADO'),(1593757525,1596672550,'FINALIZADO'),(1593757525,1597713608,'FINALIZADO'),(1593757525,1597841924,'FINALIZADO'),(1593757525,1597891537,'FINALIZADO'),(1593757525,1598310951,'FINALIZADO'),(1593757525,1598921235,'FINALIZADO'),(1593757525,1599013363,'FINALIZADO'),(1593757525,1599098125,'FINALIZADO'),(1593757525,1599526718,'FINALIZADO'),(1593757525,1599616353,'FINALIZADO'),(1593757525,1599786367,'FINALIZADO'),(1593757525,1600134015,'FINALIZADO'),(1593757525,1600215217,'FINALIZADO'),(1593757525,1600893753,'FINALIZADO'),(1593757525,1600992213,'FINALIZADO'),(1593757525,1601333735,'FINALIZADO'),(1593757525,1601426731,'FINALIZADO'),(1593757525,1601510621,'FINALIZADO'),(1593757525,1601598484,'FINALIZADO'),(1593757525,1602033676,'FINALIZADO'),(1593757525,1602124046,'FINALIZADO'),(1593757525,1602206068,'FINALIZADO'),(1593757525,1602724188,'FINALIZADO'),(1593757525,1602807214,'FINALIZADO'),(1593757525,1604974026,'FINALIZADO'),(1593757525,1605060702,'FINALIZADO'),(1593757763,1595282053,'FINALIZADO'),(1593757763,1595282086,'FINALIZADO'),(1593757763,1595282116,'FINALIZADO'),(1593757763,1595282140,'FINALIZADO'),(1593757763,1595282169,'FINALIZADO'),(1593757763,1595282189,'FINALIZADO'),(1593757763,1595282222,'FINALIZADO'),(1593757763,1595282251,'FINALIZADO'),(1593757763,1595282295,'FINALIZADO'),(1593757763,1595337723,'FINALIZADO'),(1593757763,1595375526,'FINALIZADO'),(1593757763,1595453215,'FINALIZADO'),(1593757763,1595550593,'FINALIZADO'),(1593757763,1596073126,'FINALIZADO'),(1593757763,1597187027,'FINALIZADO'),(1593757763,1597276712,'FINALIZADO'),(1593757763,1597368167,'FINALIZADO'),(1593757763,1597869166,'FINALIZADO'),(1593757763,1597869195,'FINALIZADO'),(1593757763,1598118528,'FINALIZADO'),(1593757763,1598305797,'FINALIZADO'),(1593757763,1598391407,'FINALIZADO'),(1593757763,1598473205,'FINALIZADO'),(1593757763,1598565352,'FINALIZADO'),(1593757763,1598565372,'FINALIZADO'),(1593757763,1598565392,'FINALIZADO'),(1593757763,1598565511,'FINALIZADO'),(1593757763,1598565526,'FINALIZADO'),(1593757763,1598577179,'FINALIZADO'),(1593757763,1599083338,'FINALIZADO'),(1593757763,1599096073,'FINALIZADO'),(1593757763,1601932913,'FINALIZADO'),(1593757763,1602032937,'FINALIZADO'),(1593757763,1602033019,'FINALIZADO'),(1593757763,1602798487,'FINALIZADO'),(1593757763,1602798506,'FINALIZADO'),(1593757763,1602798529,'FINALIZADO'),(1593757763,1602798557,'FINALIZADO'),(1593757763,1603205409,'FINALIZADO'),(1593757763,1603235762,'FINALIZADO'),(1593757763,1603235838,'FINALIZADO'),(1593757763,1603235960,'FINALIZADO'),(1593757763,1603728074,'FINALIZADO'),(1593757763,1603736223,'FINALIZADO'),(1593757763,1603736248,'FINALIZADO'),(1593757763,1603736341,'FINALIZADO'),(1593757763,1603840466,'FINALIZADO'),(1593757763,1603934910,'FINALIZADO'),(1593757763,1604168183,'FINALIZADO'),(1593757763,1604532123,'FINALIZADO'),(1593757763,1604532147,'FINALIZADO'),(1593757763,1605567333,'FINALIZADO'),(1593757763,1605567372,'FINALIZADO'),(1593757763,1605567407,'FINALIZADO'),(1593757763,1605567452,'FINALIZADO'),(1593757763,1605567499,'FINALIZADO'),(1593757763,1605567533,'FINALIZADO'),(1593757763,1605567569,'FINALIZADO'),(1593757763,1606132919,'FINALIZADO'),(1593757763,1606132950,'FINALIZADO'),(1593757763,1606132978,'FINALIZADO'),(1593757784,1594734122,'FINALIZADO'),(1593757784,1594734154,'FINALIZADO'),(1593757784,1594734224,'FINALIZADO'),(1593757784,1594734326,'FINALIZADO'),(1593757784,1594734349,'FINALIZADO'),(1593757784,1594734371,'FINALIZADO'),(1593757784,1594779891,'FINALIZADO'),(1593757784,1595368292,'FINALIZADO'),(1593757784,1595542371,'FINALIZADO'),(1593757784,1595632172,'FINALIZADO'),(1593757784,1595685441,'FINALIZADO'),(1593757784,1595685469,'FINALIZADO'),(1593757784,1595908724,'FINALIZADO'),(1593757784,1595977840,'FINALIZADO'),(1593757784,1596115790,'FINALIZADO'),(1593757784,1596160399,'FINALIZADO'),(1593757784,1596237906,'FINALIZADO'),(1593757784,1596560792,'FINALIZADO'),(1593757784,1596560819,'FINALIZADO'),(1593757784,1596680776,'FINALIZADO'),(1593757784,1596864367,'FINALIZADO'),(1593757784,1597099660,'FINALIZADO'),(1593757784,1597195092,'FINALIZADO'),(1593757784,1597263506,'FINALIZADO'),(1593757784,1597363098,'FINALIZADO'),(1593757784,1597879441,'FINALIZADO'),(1593757784,1597963185,'FINALIZADO'),(1593757784,1598054463,'FINALIZADO'),(1593757784,1598401989,'FINALIZADO'),(1593757784,1598483150,'FINALIZADO'),(1593757784,1598571119,'FINALIZADO'),(1593757784,1598661939,'FINALIZADO'),(1593757784,1599101397,'FINALIZADO'),(1593757784,1599173476,'FINALIZADO'),(1593757784,1599345458,'FINALIZADO'),(1593757784,1599345486,'FINALIZADO'),(1593757784,1599527587,'FINALIZADO'),(1593757784,1599684234,'FINALIZADO'),(1593757784,1599684269,'FINALIZADO'),(1593757784,1599776208,'FINALIZADO'),(1593757784,1599943969,'FINALIZADO'),(1593757784,1599943996,'FINALIZADO'),(1593757784,1600807772,'FINALIZADO'),(1593757784,1601079723,'FINALIZADO'),(1593757784,1601079762,'FINALIZADO'),(1593757784,1601326451,'FINALIZADO'),(1593757784,1601411809,'FINALIZADO'),(1593757784,1601490420,'FINALIZADO'),(1593757784,1601694131,'FINALIZADO'),(1593757784,1601770896,'FINALIZADO'),(1593757784,1602003591,'FINALIZADO'),(1593757784,1602184985,'FINALIZADO'),(1593757784,1602705360,'FINALIZADO'),(1593790649,1593794949,'FINALIZADO'),(1593790649,1593826057,'FINALIZADO'),(1593790649,1594073149,'FINALIZADO'),(1593790649,1594171121,'FINALIZADO'),(1593790649,1594221179,'FINALIZADO'),(1593790649,1594337677,'FINALIZADO'),(1593790649,1594393367,'FINALIZADO'),(1593790649,1594477804,'FINALIZADO'),(1593790649,1594654704,'FINALIZADO'),(1593790649,1594777816,'FINALIZADO'),(1593790649,1594856259,'FINALIZADO'),(1593790649,1594998446,'FINALIZADO'),(1593790649,1595116141,'FINALIZADO'),(1593790649,1595276625,'FINALIZADO'),(1593790649,1595345895,'FINALIZADO'),(1593790649,1595464023,'FINALIZADO'),(1593790649,1595608632,'FINALIZADO'),(1593790649,1595623925,'FINALIZADO'),(1593790649,1595623943,'FINALIZADO'),(1593790649,1595688588,'FINALIZADO'),(1593790649,1595874902,'FINALIZADO'),(1593790649,1595958466,'FINALIZADO'),(1593790649,1596064115,'FINALIZADO'),(1593790649,1596136028,'FINALIZADO'),(1593790649,1596299617,'FINALIZADO'),(1593790649,1596585997,'FINALIZADO'),(1593790649,1596641367,'FINALIZADO'),(1593790649,1596671529,'FINALIZADO'),(1593790649,1596835986,'FINALIZADO'),(1593790649,1596911962,'FINALIZADO'),(1593790649,1597097692,'FINALIZADO'),(1593790649,1597169261,'FINALIZADO'),(1593790649,1597274982,'FINALIZADO'),(1593790649,1597348318,'FINALIZADO'),(1593790649,1597447068,'FINALIZADO'),(1593790649,1597507806,'FINALIZADO'),(1593790649,1597768830,'FINALIZADO'),(1593790649,1597858732,'FINALIZADO'),(1593790649,1597950593,'FINALIZADO'),(1593790649,1598051749,'FINALIZADO'),(1593790649,1602708053,'FINALIZADO'),(1593790649,1602775624,'FINALIZADO'),(1593790649,1603206827,'FINALIZADO'),(1593790649,1603206847,'FINALIZADO'),(1593790649,1604512427,'FINALIZADO'),(1593790649,1604692791,'FINALIZADO'),(1593791404,1593826063,'FINALIZADO'),(1593791404,1593826066,'FINALIZADO'),(1593791404,1595345353,'FINALIZADO'),(1593791404,1595452580,'FINALIZADO'),(1593791404,1595599842,'FINALIZADO'),(1593791404,1595599865,'FINALIZADO'),(1593791404,1595599883,'FINALIZADO'),(1593791404,1595599896,'FINALIZADO'),(1593791404,1595599913,'FINALIZADO'),(1593791404,1595599928,'FINALIZADO'),(1593791404,1595599947,'FINALIZADO'),(1593791404,1595599963,'FINALIZADO'),(1593791404,1596051858,'FINALIZADO'),(1593791404,1596163980,'FINALIZADO'),(1593791404,1596740840,'FINALIZADO'),(1593791404,1596751458,'FINALIZADO'),(1593791404,1596751483,'FINALIZADO'),(1593791404,1596823078,'FINALIZADO'),(1593791404,1597076018,'FINALIZADO'),(1593791404,1597190371,'FINALIZADO'),(1593791404,1597258359,'FINALIZADO'),(1593791404,1597766638,'FINALIZADO'),(1593791404,1597856794,'FINALIZADO'),(1593791404,1597869502,'FINALIZADO'),(1593791404,1597869529,'FINALIZADO'),(1593791404,1597869551,'FINALIZADO'),(1593791404,1597954435,'FINALIZADO'),(1593791404,1598058491,'FINALIZADO'),(1593791404,1598314497,'FINALIZADO'),(1593791404,1598408648,'FINALIZADO'),(1593791404,1598489056,'FINALIZADO'),(1593791404,1598534167,'FINALIZADO'),(1593791404,1598711421,'FINALIZADO'),(1593791404,1598929453,'FINALIZADO'),(1593791404,1599002426,'FINALIZADO'),(1593791404,1599083886,'FINALIZADO'),(1593791404,1599157993,'FINALIZADO'),(1593791404,1599256307,'FINALIZADO'),(1593791404,1599588279,'FINALIZADO'),(1593791404,1599691454,'FINALIZADO'),(1593791404,1599771081,'FINALIZADO'),(1593791404,1600204812,'FINALIZADO'),(1593791404,1600286310,'FINALIZADO'),(1593791404,1600382492,'FINALIZADO'),(1593800827,1593960123,'FINALIZADO'),(1593800827,1594171110,'FINALIZADO'),(1593800827,1594255283,'FINALIZADO'),(1593800827,1594329659,'FINALIZADO'),(1593800827,1594414128,'FINALIZADO'),(1593800827,1594498826,'FINALIZADO'),(1593800827,1594766204,'FINALIZADO'),(1593800827,1594852342,'FINALIZADO'),(1593800827,1595104952,'FINALIZADO'),(1593800827,1595304623,'FINALIZADO'),(1593800827,1595364524,'FINALIZADO'),(1593800827,1595459681,'FINALIZADO'),(1593800827,1595548774,'FINALIZADO'),(1593800827,1595628933,'FINALIZADO'),(1593800827,1595689579,'FINALIZADO'),(1593800827,1595689589,'FINALIZADO'),(1593800827,1595708945,'FINALIZADO'),(1593800827,1595986210,'FINALIZADO'),(1593800827,1596067904,'FINALIZADO'),(1593800827,1596243567,'FINALIZADO'),(1593800827,1596243607,'FINALIZADO'),(1593800827,1596311279,'FINALIZADO'),(1593800827,1596580591,'FINALIZADO'),(1593800827,1596673636,'FINALIZADO'),(1593800827,1596749191,'FINALIZADO'),(1593800827,1596844578,'FINALIZADO'),(1593800827,1596917448,'FINALIZADO'),(1593800827,1597193256,'FINALIZADO'),(1593800827,1597281087,'FINALIZADO'),(1593800827,1597362036,'FINALIZADO'),(1593800827,1597449273,'FINALIZADO'),(1593800827,1597582018,'FINALIZADO'),(1593800827,1597700213,'FINALIZADO'),(1593800827,1597799786,'FINALIZADO'),(1593800827,1597875424,'FINALIZADO'),(1593800827,1598067899,'FINALIZADO'),(1593800827,1598067941,'FINALIZADO'),(1593800827,1598396642,'FINALIZADO'),(1593800827,1598481630,'FINALIZADO'),(1593800827,1598570504,'FINALIZADO'),(1593800827,1598654862,'FINALIZADO'),(1593800827,1598735377,'FINALIZADO'),(1593800827,1598997622,'FINALIZADO'),(1593800827,1599184974,'FINALIZADO'),(1593800827,1599285414,'FINALIZADO'),(1593800827,1599427139,'FINALIZADO'),(1593800827,1599702216,'FINALIZADO'),(1593800827,1599702252,'FINALIZADO'),(1593800827,1599818210,'FINALIZADO'),(1593800827,1599869628,'FINALIZADO'),(1593800827,1600806400,'FINALIZADO'),(1593800827,1600806427,'FINALIZADO'),(1593800827,1601040091,'FINALIZADO'),(1593800827,1602624213,'FINALIZADO'),(1593800827,1602624273,'FINALIZADO'),(1593800827,1602624338,'FINALIZADO'),(1593800827,1602694285,'FINALIZADO'),(1593800827,1603122511,'FINALIZADO'),(1593800827,1603123062,'FINALIZADO'),(1593800827,1603123131,'FINALIZADO'),(1593800827,1606421314,'FINALIZADO'),(1593800827,1606421351,'FINALIZADO'),(1593845607,1593826055,'FINALIZADO'),(1593845607,1593826067,'FINALIZADO'),(1593845607,1594506890,'FINALIZADO'),(1593845607,1594765464,'FINALIZADO'),(1593845607,1594848901,'FINALIZADO'),(1593845607,1595029056,'FINALIZADO'),(1593845607,1595037515,'FINALIZADO'),(1593845607,1595037553,'FINALIZADO'),(1593845607,1595037579,'FINALIZADO'),(1593845607,1595117338,'FINALIZADO'),(1593845607,1595374677,'FINALIZADO'),(1593845607,1595468480,'FINALIZADO'),(1593845607,1595550670,'FINALIZADO'),(1593845607,1595599273,'FINALIZADO'),(1593845607,1595599344,'FINALIZADO'),(1593845607,1595599391,'FINALIZADO'),(1593845607,1595602978,'FINALIZADO'),(1593845607,1595631834,'FINALIZADO'),(1593845607,1595643092,'FINALIZADO'),(1593845607,1595643121,'FINALIZADO'),(1593845607,1595716798,'FINALIZADO'),(1593845607,1595938487,'FINALIZADO'),(1593845607,1595968826,'FINALIZADO'),(1593845607,1596060874,'FINALIZADO'),(1593845607,1596155048,'FINALIZADO'),(1593845607,1596488644,'FINALIZADO'),(1593845607,1596586207,'FINALIZADO'),(1593845607,1596657958,'FINALIZADO'),(1593845607,1596841620,'FINALIZADO'),(1593845607,1597167492,'FINALIZADO'),(1593845607,1597189420,'FINALIZADO'),(1593845607,1597277068,'FINALIZADO'),(1593845607,1597362217,'FINALIZADO'),(1593845607,1597447069,'FINALIZADO'),(1593845607,1597526293,'FINALIZADO'),(1593845607,1597798404,'FINALIZADO'),(1593845607,1597869030,'FINALIZADO'),(1593845607,1597869071,'FINALIZADO'),(1593845607,1597872517,'FINALIZADO'),(1593845607,1597959102,'FINALIZADO'),(1593845607,1598047310,'FINALIZADO'),(1593845607,1598131727,'FINALIZADO'),(1593845607,1598393697,'FINALIZADO'),(1593845607,1598477576,'FINALIZADO'),(1593845607,1598560948,'FINALIZADO'),(1593845607,1598652583,'FINALIZADO'),(1593845607,1598732791,'FINALIZADO'),(1593845607,1599000907,'FINALIZADO'),(1593845607,1599084760,'FINALIZADO'),(1593845607,1599173595,'FINALIZADO'),(1593845607,1599262015,'FINALIZADO'),(1593845607,1599347145,'FINALIZADO'),(1593845607,1599504286,'FINALIZADO'),(1593845607,1599671555,'FINALIZADO'),(1593845607,1599775060,'FINALIZADO'),(1593845607,1599855195,'FINALIZADO'),(1593845607,1599935892,'FINALIZADO'),(1593845607,1600108302,'FINALIZADO'),(1593845607,1600200647,'FINALIZADO'),(1593845607,1600279653,'FINALIZADO'),(1593845607,1600803514,'FINALIZADO'),(1593845607,1600888175,'FINALIZADO'),(1593845607,1600983584,'FINALIZADO'),(1593845607,1601063827,'FINALIZADO'),(1593845607,1601148137,'FINALIZADO'),(1593845607,1601408716,'FINALIZADO'),(1593845607,1601488605,'FINALIZADO'),(1593845607,1601676473,'FINALIZADO'),(1593845607,1601758968,'FINALIZADO'),(1593845607,1602024261,'FINALIZADO'),(1593845607,1602094838,'FINALIZADO'),(1593845607,1602702861,'FINALIZADO'),(1593845607,1602803238,'FINALIZADO'),(1593845607,1602883903,'FINALIZADO'),(1593845607,1602962830,'FINALIZADO'),(1593845607,1603222038,'FINALIZADO'),(1593845607,1603753516,'FINALIZADO'),(1593845607,1603759736,'FINALIZADO'),(1593845607,1603821335,'FINALIZADO'),(1593845607,1603915649,'FINALIZADO'),(1593845607,1603997368,'FINALIZADO'),(1593845607,1604445125,'FINALIZADO'),(1593845607,1604534119,'FINALIZADO'),(1593845607,1604606166,'FINALIZADO'),(1593845607,1604795808,'FINALIZADO'),(1593960671,1594134410,'FINALIZADO'),(1593960671,1594174443,'FINALIZADO'),(1593960671,1594254554,'FINALIZADO'),(1593960671,1594351383,'FINALIZADO'),(1593960671,1594518090,'FINALIZADO'),(1593960671,1594691603,'FINALIZADO'),(1593960671,1594919866,'FINALIZADO'),(1593960671,1594920069,'FINALIZADO'),(1593960671,1595328228,'FINALIZADO'),(1593960671,1595518331,'FINALIZADO'),(1593960671,1595518395,'FINALIZADO'),(1593960671,1595690342,'FINALIZADO'),(1593960671,1596851441,'FINALIZADO'),(1593960671,1596851490,'FINALIZADO'),(1593960671,1596851948,'FINALIZADO'),(1593960671,1596851984,'FINALIZADO'),(1593960671,1596852065,'FINALIZADO'),(1593960671,1596852105,'FINALIZADO'),(1593960671,1596852154,'FINALIZADO'),(1593960671,1596852193,'FINALIZADO'),(1593960671,1597244605,'FINALIZADO'),(1593960671,1597244687,'FINALIZADO'),(1593960671,1597804031,'FINALIZADO'),(1593960671,1597804081,'FINALIZADO'),(1593960671,1597804139,'FINALIZADO'),(1593960671,1597804197,'FINALIZADO'),(1593960671,1597884395,'FINALIZADO'),(1593960671,1598038014,'FINALIZADO'),(1593960671,1598392384,'FINALIZADO'),(1593960671,1598723258,'FINALIZADO'),(1593960671,1598723279,'FINALIZADO'),(1593960671,1598723402,'FINALIZADO'),(1594074649,1594094630,'FINALIZADO'),(1594074649,1594175384,'FINALIZADO'),(1594074649,1594339583,'FINALIZADO'),(1594074649,1594501081,'FINALIZADO'),(1594074649,1594685897,'FINALIZADO'),(1594074649,1594868506,'FINALIZADO'),(1594074649,1595293907,'FINALIZADO'),(1594074649,1595371096,'FINALIZADO'),(1594074649,1595684487,'FINALIZADO'),(1594074649,1595718023,'FINALIZADO'),(1594074649,1595876391,'FINALIZADO'),(1594074649,1595976439,'FINALIZADO'),(1594074649,1596151155,'FINALIZADO'),(1594074649,1596224817,'FINALIZADO'),(1594074649,1599095604,'FINALIZADO'),(1594074649,1599095666,'FINALIZADO'),(1594074649,1599267002,'FINALIZADO'),(1594074649,1599339899,'FINALIZADO'),(1594074649,1599521134,'FINALIZADO'),(1594074649,1599604200,'FINALIZADO'),(1594074649,1599691556,'FINALIZADO'),(1594074649,1599858187,'FINALIZADO'),(1594074649,1599858447,'FINALIZADO'),(1594074649,1600120811,'FINALIZADO'),(1594074649,1600203853,'FINALIZADO'),(1594074649,1600282225,'FINALIZADO'),(1594074649,1600372989,'FINALIZADO'),(1594074649,1600801840,'FINALIZADO'),(1594074649,1600882304,'FINALIZADO'),(1594074649,1600981340,'FINALIZADO'),(1594074649,1601679610,'FINALIZADO'),(1594074649,1601922627,'FINALIZADO'),(1594074707,1594956081,'FINALIZADO'),(1594074707,1594956120,'FINALIZADO'),(1594074707,1594956163,'FINALIZADO'),(1594074707,1594956235,'FINALIZADO'),(1594074707,1594994225,'FINALIZADO'),(1594074707,1594994275,'FINALIZADO'),(1594074707,1595037384,'FINALIZADO'),(1594074707,1595337576,'FINALIZADO'),(1594074707,1595373309,'FINALIZADO'),(1594074707,1596054226,'FINALIZADO'),(1594074707,1596054258,'FINALIZADO'),(1594074707,1596054292,'FINALIZADO'),(1594074707,1596731509,'FINALIZADO'),(1594074707,1596731549,'FINALIZADO'),(1594074707,1596754523,'PENDIENTE'),(1594074707,1596764141,'FINALIZADO'),(1594074707,1596926646,'FINALIZADO'),(1594074707,1597196432,'FINALIZADO'),(1594074707,1597277970,'FINALIZADO'),(1594074707,1597368985,'FINALIZADO'),(1594074707,1597690378,'FINALIZADO'),(1594074707,1597690399,'FINALIZADO'),(1594074707,1597868940,'FINALIZADO'),(1594074707,1597972989,'FINALIZADO'),(1594074707,1598057658,'FINALIZADO'),(1594074707,1598294249,'FINALIZADO'),(1594074707,1598396916,'FINALIZADO'),(1594074707,1598486370,'FINALIZADO'),(1594074707,1598577442,'PENDIENTE'),(1594074707,1598711201,'FINALIZADO'),(1594074707,1598926044,'FINALIZADO'),(1594074707,1599095983,'FINALIZADO'),(1594074707,1599096021,'FINALIZADO'),(1594074707,1599177416,'FINALIZADO'),(1594074707,1599402000,'FINALIZADO'),(1594074707,1599610453,'FINALIZADO'),(1594074707,1599610483,'FINALIZADO'),(1594074707,1599769834,'FINALIZADO'),(1594074707,1600123276,'FINALIZADO'),(1594074707,1600300415,'FINALIZADO'),(1594074707,1600812396,'FINALIZADO'),(1594074707,1600812420,'FINALIZADO'),(1594074707,1600893176,'FINALIZADO'),(1594074707,1601068062,'FINALIZADO'),(1594074707,1601068096,'FINALIZADO'),(1594074707,1601409734,'FINALIZADO'),(1594074707,1601409757,'FINALIZADO'),(1594074707,1601491994,'FINALIZADO'),(1594074707,1601578742,'FINALIZADO'),(1594074707,1601932830,'FINALIZADO'),(1594074707,1601932860,'FINALIZADO'),(1594074707,1602031474,'FINALIZADO'),(1594074707,1602693733,'FINALIZADO'),(1594074792,1595511373,'FINALIZADO'),(1594074792,1595511399,'FINALIZADO'),(1594074792,1595511429,'FINALIZADO'),(1594074792,1595511479,'FINALIZADO'),(1594074792,1595511503,'FINALIZADO'),(1594074792,1595511549,'FINALIZADO'),(1594074792,1595511567,'FINALIZADO'),(1594074792,1595511585,'FINALIZADO'),(1594074792,1595511606,'FINALIZADO'),(1594074792,1595511627,'FINALIZADO'),(1594074792,1595511660,'FINALIZADO'),(1594074792,1595550467,'FINALIZADO'),(1594074792,1596043146,'FINALIZADO'),(1594074792,1596043186,'FINALIZADO'),(1594074792,1596481646,'FINALIZADO'),(1594074792,1596481673,'FINALIZADO'),(1594074792,1598041249,'FINALIZADO'),(1594074792,1598041276,'FINALIZADO'),(1594074792,1598041297,'FINALIZADO'),(1594074792,1598041320,'FINALIZADO'),(1594074792,1598041335,'FINALIZADO'),(1594074792,1598041350,'FINALIZADO'),(1594074792,1598041368,'FINALIZADO'),(1594074792,1600813528,'FINALIZADO'),(1594074792,1600813541,'FINALIZADO'),(1594074792,1600813554,'FINALIZADO'),(1594074792,1600813604,'FINALIZADO'),(1594074792,1600813626,'FINALIZADO'),(1594074792,1600815129,'FINALIZADO'),(1594074792,1600815149,'FINALIZADO'),(1594074792,1600815164,'FINALIZADO'),(1594074792,1600815184,'FINALIZADO'),(1594074792,1600815207,'FINALIZADO'),(1594074792,1600815224,'FINALIZADO'),(1594074792,1600815367,'FINALIZADO'),(1594074792,1600815542,'FINALIZADO'),(1594685322,1594692271,'FINALIZADO'),(1594685322,1594768138,'FINALIZADO'),(1594685322,1595307863,'FINALIZADO'),(1594685322,1595461757,'FINALIZADO'),(1594685322,1595462022,'FINALIZADO'),(1594685322,1595552629,'FINALIZADO'),(1594685322,1595633490,'FINALIZADO'),(1594685322,1595693627,'FINALIZADO'),(1594685322,1595885824,'FINALIZADO'),(1594685322,1595977059,'FINALIZADO'),(1594685322,1596053178,'FINALIZADO'),(1594685322,1596160267,'FINALIZADO'),(1594685322,1596235336,'FINALIZADO'),(1594685322,1596494588,'FINALIZADO'),(1594685322,1596676119,'FINALIZADO'),(1594685322,1596753164,'FINALIZADO'),(1594685322,1596926421,'FINALIZADO'),(1594685322,1597096815,'FINALIZADO'),(1594685322,1597181365,'FINALIZADO'),(1594685322,1597357441,'FINALIZADO'),(1594685322,1597446106,'FINALIZADO'),(1594685322,1597703175,'FINALIZADO'),(1594685322,1597801079,'FINALIZADO'),(1594685322,1597880079,'FINALIZADO'),(1594685322,1597966827,'FINALIZADO'),(1594685322,1598058569,'FINALIZADO'),(1594685322,1598296658,'FINALIZADO'),(1594685322,1598383956,'FINALIZADO'),(1594685322,1598475767,'FINALIZADO'),(1594685322,1598561748,'FINALIZADO'),(1594685322,1598644966,'FINALIZADO'),(1594685322,1598904579,'FINALIZADO'),(1594685322,1599079998,'FINALIZADO'),(1594685322,1599166431,'FINALIZADO'),(1594685322,1599275236,'FINALIZADO'),(1594685322,1599599992,'FINALIZADO'),(1594685322,1599686539,'FINALIZADO'),(1594685322,1599839594,'FINALIZADO'),(1594685322,1600177360,'FINALIZADO'),(1594685322,1600193745,'FINALIZADO'),(1594685322,1600795049,'FINALIZADO'),(1594685322,1600803888,'FINALIZADO'),(1594685322,1600916569,'FINALIZADO'),(1594685322,1602693795,'FINALIZADO'),(1594685322,1602722442,'FINALIZADO'),(1594685322,1602879974,'FINALIZADO'),(1594685322,1603205297,'FINALIZADO'),(1594685322,1603240242,'FINALIZADO'),(1594685535,1595345822,'FINALIZADO'),(1594685535,1595345922,'FINALIZADO'),(1594685535,1595346091,'FINALIZADO'),(1594685535,1595346228,'FINALIZADO'),(1594685535,1595346252,'FINALIZADO'),(1594685535,1595346275,'FINALIZADO'),(1594685535,1595463283,'FINALIZADO'),(1594685535,1595550372,'FINALIZADO'),(1594685535,1595689298,'FINALIZADO'),(1594685535,1595893982,'FINALIZADO'),(1594685535,1595984954,'FINALIZADO'),(1594685535,1596076819,'FINALIZADO'),(1594685535,1596139860,'FINALIZADO'),(1594685535,1596248679,'FINALIZADO'),(1594685535,1596587730,'FINALIZADO'),(1594685535,1596747240,'FINALIZADO'),(1594685535,1596838247,'FINALIZADO'),(1594685535,1597200779,'FINALIZADO'),(1594685535,1597370350,'FINALIZADO'),(1594685535,1597458620,'FINALIZADO'),(1594685535,1597529734,'FINALIZADO'),(1594685535,1597795999,'FINALIZADO'),(1594685535,1597889464,'FINALIZADO'),(1594685535,1597973693,'FINALIZADO'),(1594685535,1598064083,'FINALIZADO'),(1594685535,1598129481,'FINALIZADO'),(1594685535,1598394883,'FINALIZADO'),(1594685535,1598487759,'FINALIZADO'),(1594685535,1598566285,'FINALIZADO'),(1594685535,1598654665,'FINALIZADO'),(1594685535,1598736532,'FINALIZADO'),(1594685535,1599003690,'FINALIZADO'),(1594685535,1599087413,'FINALIZADO'),(1594685535,1599178683,'FINALIZADO'),(1594685535,1599275076,'FINALIZADO'),(1594685535,1599345545,'FINALIZADO'),(1594685535,1599601418,'FINALIZADO'),(1594685535,1599776951,'FINALIZADO'),(1594685535,1599859743,'FINALIZADO'),(1594685535,1599947186,'FINALIZADO'),(1594685535,1600128729,'FINALIZADO'),(1594685535,1600198766,'FINALIZADO'),(1594685535,1600292513,'FINALIZADO'),(1594685535,1600379453,'FINALIZADO'),(1594685535,1600889391,'FINALIZADO'),(1594685535,1601422014,'FINALIZADO'),(1594685535,1601490725,'FINALIZADO'),(1594685535,1601568938,'FINALIZADO'),(1594685535,1601778237,'FINALIZADO'),(1594685535,1602036427,'FINALIZADO'),(1594685535,1602094471,'FINALIZADO'),(1594685535,1602262901,'FINALIZADO'),(1594685535,1602704152,'FINALIZADO'),(1594685535,1602892051,'FINALIZADO'),(1594685535,1603224039,'FINALIZADO'),(1594685535,1603828021,'FINALIZADO'),(1594685535,1604003493,'FINALIZADO'),(1594685535,1604434485,'FINALIZADO'),(1594685535,1604434501,'FINALIZADO'),(1594685535,1604502930,'FINALIZADO'),(1594685535,1604617197,'FINALIZADO'),(1594685535,1604692505,'FINALIZADO'),(1594685535,1604788706,'FINALIZADO'),(1594685535,1604937400,'FINALIZADO'),(1594685535,1605033389,'FINALIZADO'),(1594685535,1605121734,'FINALIZADO'),(1594685535,1605194597,'FINALIZADO'),(1594685535,1605391075,'FINALIZADO'),(1594685535,1605540281,'FINALIZADO'),(1594685535,1605659719,'FINALIZADO'),(1594685535,1605726826,'FINALIZADO'),(1594685535,1605808968,'FINALIZADO'),(1594685535,1605884121,'FINALIZADO'),(1594685535,1605993201,'FINALIZADO'),(1594685535,1606141669,'FINALIZADO'),(1594685535,1606246697,'FINALIZADO'),(1594685535,1606328882,'FINALIZADO'),(1594685535,1606410508,'FINALIZADO'),(1594685535,1606497018,'FINALIZADO'),(1594685535,1606871080,'FINALIZADO'),(1594685535,1606953788,'FINALIZADO'),(1594691437,1594737094,'FINALIZADO'),(1594691437,1594762664,'FINALIZADO'),(1594691437,1594762714,'FINALIZADO'),(1594691437,1594762768,'FINALIZADO'),(1594691437,1594762792,'FINALIZADO'),(1594691437,1594852148,'FINALIZADO'),(1594691437,1595011362,'FINALIZADO'),(1594691437,1595284365,'FINALIZADO'),(1594691437,1595379845,'FINALIZADO'),(1594691437,1595466632,'FINALIZADO'),(1594691437,1595550006,'FINALIZADO'),(1594691437,1595625671,'FINALIZADO'),(1594691437,1595875484,'FINALIZADO'),(1594691437,1595971670,'FINALIZADO'),(1594691437,1596068117,'FINALIZADO'),(1594691437,1596130257,'FINALIZADO'),(1594691437,1596130285,'FINALIZADO'),(1594691437,1596144807,'FINALIZADO'),(1594691437,1596229676,'FINALIZADO'),(1594691437,1596582167,'FINALIZADO'),(1594691437,1596663183,'FINALIZADO'),(1594691437,1596727741,'FINALIZADO'),(1594691437,1597092923,'FINALIZADO'),(1594691437,1597358330,'FINALIZADO'),(1594691437,1597466435,'FINALIZADO'),(1594691437,1597697206,'FINALIZADO'),(1594691437,1597786310,'FINALIZADO'),(1594691437,1597870763,'FINALIZADO'),(1594691437,1597959296,'FINALIZADO'),(1594691437,1598299592,'FINALIZADO'),(1594691437,1598387241,'FINALIZADO'),(1594691437,1598472902,'FINALIZADO'),(1594691437,1598561149,'FINALIZADO'),(1594691437,1598649451,'FINALIZADO'),(1594691437,1598903482,'FINALIZADO'),(1594691437,1598991672,'FINALIZADO'),(1594691437,1599087713,'FINALIZADO'),(1594691437,1599176447,'FINALIZADO'),(1594691437,1599254817,'FINALIZADO'),(1594691437,1599255105,'FINALIZADO'),(1594691437,1599505370,'FINALIZADO'),(1594691437,1599678986,'FINALIZADO'),(1594691437,1599791070,'FINALIZADO'),(1594691437,1599855043,'FINALIZADO'),(1594691437,1600199825,'FINALIZADO'),(1594691437,1600281033,'FINALIZADO'),(1594691437,1600806204,'FINALIZADO'),(1595426375,1595426420,'FINALIZADO'),(1595426375,1595509816,'FINALIZADO'),(1595426375,1595509836,'FINALIZADO'),(1595426375,1595509858,'FINALIZADO'),(1595426375,1595509903,'FINALIZADO'),(1595426375,1595509941,'FINALIZADO'),(1595426375,1595509966,'FINALIZADO'),(1595426375,1595510479,'FINALIZADO'),(1595426375,1596999587,'FINALIZADO'),(1595426375,1596999639,'FINALIZADO'),(1595426375,1596999695,'FINALIZADO'),(1595426375,1596999750,'FINALIZADO'),(1595426375,1596999777,'FINALIZADO'),(1595426375,1596999800,'FINALIZADO'),(1595426375,1596999827,'FINALIZADO'),(1595426375,1597690055,'FINALIZADO'),(1595426375,1597690072,'FINALIZADO'),(1595426375,1597690115,'FINALIZADO'),(1595426375,1597690168,'FINALIZADO'),(1595426375,1597690197,'FINALIZADO'),(1595426375,1597869250,'FINALIZADO'),(1595426375,1597955273,'FINALIZADO'),(1595426375,1598037963,'FINALIZADO'),(1595426375,1598108292,'FINALIZADO'),(1595426375,1598294285,'FINALIZADO'),(1595426375,1598318805,'FINALIZADO'),(1595426375,1598412327,'FINALIZADO'),(1595426375,1598487005,'FINALIZADO'),(1595426375,1598587029,'FINALIZADO'),(1595426375,1598711323,'FINALIZADO'),(1595426375,1598925982,'FINALIZADO'),(1595426375,1599083186,'FINALIZADO'),(1595426375,1599083209,'FINALIZADO'),(1595426375,1599097685,'FINALIZADO'),(1595426375,1599241811,'FINALIZADO'),(1595426375,1599402107,'FINALIZADO'),(1595426375,1599402140,'FINALIZADO'),(1595426375,1599610277,'FINALIZADO'),(1595426375,1600123388,'FINALIZADO'),(1595426375,1600123403,'FINALIZADO'),(1595426375,1600124155,'FINALIZADO'),(1595426375,1600215802,'FINALIZADO'),(1595426375,1600300388,'FINALIZADO'),(1595426375,1600723896,'FINALIZADO'),(1595426375,1600884669,'FINALIZADO'),(1595426375,1600884682,'FINALIZADO'),(1595426375,1601334801,'FINALIZADO'),(1595426375,1601334818,'FINALIZADO'),(1595426375,1601334833,'FINALIZADO'),(1595426375,1601411210,'FINALIZADO'),(1595426375,1601639356,'FINALIZADO'),(1595426375,1601639488,'FINALIZADO'),(1595426375,1602705401,'FINALIZADO'),(1595426375,1602705452,'FINALIZADO'),(1595426375,1602705472,'FINALIZADO'),(1595426375,1602705489,'FINALIZADO'),(1595426375,1602705519,'FINALIZADO'),(1595426375,1602798372,'FINALIZADO'),(1595426375,1603723576,'FINALIZADO'),(1595426375,1603723589,'FINALIZADO'),(1596074065,1596074130,'FINALIZADO'),(1596074065,1596074153,'FINALIZADO'),(1596074065,1596074414,'FINALIZADO'),(1596074065,1596074445,'FINALIZADO'),(1596074065,1596137997,'FINALIZADO'),(1596074065,1596240630,'FINALIZADO'),(1596074065,1596311106,'FINALIZADO'),(1596074065,1596590709,'FINALIZADO'),(1596074065,1596666199,'FINALIZADO'),(1596074065,1596759128,'FINALIZADO'),(1596074065,1596837781,'FINALIZADO'),(1596074065,1596921442,'FINALIZADO'),(1596074065,1597188009,'FINALIZADO'),(1596074065,1597275710,'FINALIZADO'),(1596074065,1597361621,'FINALIZADO'),(1596074065,1597452724,'FINALIZADO'),(1596074065,1597790575,'FINALIZADO'),(1596074065,1597876353,'FINALIZADO'),(1596074065,1597964395,'FINALIZADO'),(1596074065,1598048447,'FINALIZADO'),(1596074065,1598136158,'FINALIZADO'),(1596074065,1598391807,'FINALIZADO'),(1596074065,1598479488,'FINALIZADO'),(1596074065,1598570446,'FINALIZADO'),(1596074065,1598652525,'FINALIZADO'),(1596074065,1598740288,'FINALIZADO'),(1596074065,1599003718,'FINALIZADO'),(1596074065,1599088203,'FINALIZADO'),(1596074065,1599173470,'FINALIZADO'),(1596074065,1599305343,'FINALIZADO'),(1596074065,1599342736,'FINALIZADO'),(1596074065,1599613760,'FINALIZADO'),(1596074065,1599684067,'FINALIZADO'),(1596074065,1599768613,'FINALIZADO'),(1596074065,1599853063,'FINALIZADO'),(1596074065,1599943960,'FINALIZADO'),(1596074065,1600196996,'FINALIZADO'),(1596074065,1600288951,'FINALIZADO'),(1596074065,1600817181,'FINALIZADO'),(1596074065,1600887525,'FINALIZADO'),(1596074065,1601413355,'FINALIZADO'),(1596074065,1601487140,'FINALIZADO'),(1596074065,1601662845,'FINALIZADO'),(1596074065,1602120669,'FINALIZADO'),(1596074065,1602693574,'FINALIZADO'),(1596074065,1603826960,'FINALIZADO'),(1596074065,1603906789,'FINALIZADO'),(1596074065,1603997436,'FINALIZADO'),(1596074065,1603997444,'FINALIZADO'),(1596074065,1604455845,'FINALIZADO'),(1596074065,1604531095,'FINALIZADO'),(1596074065,1604616359,'FINALIZADO'),(1596074065,1604705139,'FINALIZADO'),(1596074065,1604787859,'FINALIZADO'),(1596074065,1604945043,'FINALIZADO'),(1596074065,1605115200,'FINALIZADO'),(1596074065,1605194780,'FINALIZADO'),(1596074065,1605301270,'FINALIZADO'),(1596074065,1605382206,'FINALIZADO'),(1596074065,1605642296,'FINALIZADO'),(1596074065,1605730954,'FINALIZADO'),(1596074065,1605813168,'FINALIZADO'),(1596074065,1606610326,'FINALIZADO'),(1597191722,1597192671,'FINALIZADO'),(1597191722,1597368927,'FINALIZADO'),(1597191722,1597368949,'FINALIZADO'),(1597191722,1597690441,'FINALIZADO'),(1597191722,1597690698,'FINALIZADO'),(1597191722,1597791159,'FINALIZADO'),(1597191722,1597885756,'FINALIZADO'),(1597191722,1598037908,'FINALIZADO'),(1597191722,1598060228,'FINALIZADO'),(1597191722,1598294192,'FINALIZADO'),(1597191722,1598399442,'FINALIZADO'),(1597191722,1598490175,'FINALIZADO'),(1597191722,1598577545,'FINALIZADO'),(1597191722,1598711371,'FINALIZADO'),(1597191722,1598925929,'FINALIZADO'),(1597191722,1599083458,'FINALIZADO'),(1597191722,1599181307,'FINALIZADO'),(1597191722,1599263897,'FINALIZADO'),(1597191722,1599339604,'FINALIZADO'),(1597191722,1599604698,'FINALIZADO'),(1597191722,1599686390,'FINALIZADO'),(1597191722,1599774929,'FINALIZADO'),(1597191722,1599865591,'FINALIZADO'),(1597191722,1599939462,'FINALIZADO'),(1597191722,1600201694,'FINALIZADO'),(1597191722,1600287581,'FINALIZADO'),(1597191722,1600374303,'FINALIZADO'),(1597191722,1600811364,'FINALIZADO'),(1597191722,1600896752,'FINALIZADO'),(1597191722,1600982583,'FINALIZADO'),(1597191722,1601066698,'FINALIZADO'),(1597191722,1601489170,'FINALIZADO'),(1597191722,1601596801,'FINALIZADO'),(1597191722,1602035293,'FINALIZADO'),(1597191722,1602113362,'FINALIZADO'),(1597191722,1602279874,'FINALIZADO'),(1597191722,1602279944,'FINALIZADO'),(1597191722,1603240478,'FINALIZADO'),(1597191722,1603240582,'FINALIZADO'),(1597191722,1603240686,'FINALIZADO'),(1597191722,1603241318,'FINALIZADO'),(1597191722,1603241372,'FINALIZADO'),(1597191722,1603566879,'FINALIZADO'),(1597191722,1603566921,'FINALIZADO'),(1597191722,1603566966,'FINALIZADO'),(1597191722,1603567012,'FINALIZADO'),(1597191722,1604004471,'FINALIZADO'),(1597191722,1604079959,'FINALIZADO'),(1597191722,1604433169,'FINALIZADO'),(1597191722,1604530291,'FINALIZADO'),(1597191722,1604611481,'FINALIZADO'),(1597191722,1604764924,'FINALIZADO'),(1597191722,1604767210,'FINALIZADO'),(1597191722,1605369762,'FINALIZADO'),(1597191722,1606250817,'FINALIZADO'),(1597955586,1597955651,'FINALIZADO'),(1597955586,1597955680,'FINALIZADO'),(1597955586,1597955732,'FINALIZADO'),(1597955586,1597963167,'FINALIZADO'),(1597955586,1599062583,'FINALIZADO'),(1597955586,1599171777,'FINALIZADO'),(1597955586,1599260753,'FINALIZADO'),(1597955586,1599600721,'FINALIZADO'),(1597955586,1599710620,'FINALIZADO'),(1597955586,1599710650,'PENDIENTE'),(1597955586,1600208755,'FINALIZADO'),(1597955586,1600963252,'FINALIZADO'),(1597955586,1601420793,'FINALIZADO'),(1598278759,1598279407,'FINALIZADO'),(1598278759,1598279501,'FINALIZADO'),(1598278759,1598299679,'FINALIZADO'),(1598278759,1598390204,'FINALIZADO'),(1598278759,1598475385,'FINALIZADO'),(1598278759,1598561168,'FINALIZADO'),(1598278759,1598657816,'FINALIZADO'),(1598278759,1598728571,'FINALIZADO'),(1598278759,1598987690,'FINALIZADO'),(1598278759,1599090193,'FINALIZADO'),(1598278759,1599178129,'FINALIZADO'),(1598278759,1599342248,'FINALIZADO'),(1598278759,1599509356,'FINALIZADO'),(1598278759,1599592674,'FINALIZADO'),(1598278759,1599779724,'FINALIZADO'),(1598278759,1599849534,'FINALIZADO'),(1598278759,1599938301,'FINALIZADO'),(1598278759,1600197923,'FINALIZADO'),(1598278759,1600281344,'FINALIZADO'),(1598278759,1601318228,'FINALIZADO'),(1598478533,1598478575,'FINALIZADO'),(1598478533,1598722113,'FINALIZADO'),(1598478533,1598722396,'FINALIZADO'),(1598478533,1598727542,'FINALIZADO'),(1598478533,1599056808,'FINALIZADO'),(1598478533,1599096468,'FINALIZADO'),(1598478533,1599097479,'FINALIZADO'),(1598478533,1599143402,'FINALIZADO'),(1598478533,1599232397,'FINALIZADO'),(1598478533,1599332529,'FINALIZADO'),(1598478533,1599503662,'FINALIZADO'),(1598478533,1599600599,'FINALIZADO'),(1598478533,1599777359,'FINALIZADO'),(1598478533,1599865541,'FINALIZADO'),(1598478533,1599931314,'FINALIZADO'),(1598478533,1600116359,'FINALIZADO'),(1598478533,1600204521,'FINALIZADO'),(1598478533,1600287343,'FINALIZADO'),(1598478533,1600372642,'FINALIZADO'),(1598478533,1600715604,'FINALIZADO'),(1598478533,1600808517,'FINALIZADO'),(1598478533,1600899325,'FINALIZADO'),(1598478533,1600977960,'FINALIZADO'),(1598478533,1601057767,'FINALIZADO'),(1598478533,1601149455,'FINALIZADO'),(1598478533,1601411261,'FINALIZADO'),(1598478533,1601587505,'FINALIZADO'),(1598478533,1601926285,'FINALIZADO'),(1598478533,1602274880,'FINALIZADO'),(1598478533,1602707420,'FINALIZADO'),(1598478533,1604959689,'FINALIZADO'),(1598478533,1605051104,'FINALIZADO'),(1598478616,1598478646,'FINALIZADO'),(1598480426,1598480480,'FINALIZADO'),(1598480426,1598722273,'FINALIZADO'),(1598480426,1598722304,'FINALIZADO'),(1598480426,1598727561,'FINALIZADO'),(1598480426,1599062901,'FINALIZADO'),(1598480426,1599096412,'FINALIZADO'),(1598480426,1599097334,'FINALIZADO'),(1598480426,1599259711,'FINALIZADO'),(1598480426,1599675801,'FINALIZADO'),(1598480426,1599782705,'FINALIZADO'),(1598480426,1599859341,'FINALIZADO'),(1598480426,1599936273,'FINALIZADO'),(1598480426,1600290930,'FINALIZADO'),(1598480426,1600809610,'FINALIZADO'),(1598487206,1598487241,'FINALIZADO'),(1598487206,1598722131,'FINALIZADO'),(1598487206,1598722371,'FINALIZADO'),(1598487206,1599096516,'FINALIZADO'),(1598487206,1599097434,'FINALIZADO'),(1598487206,1599097551,'FINALIZADO'),(1598487206,1599162945,'FINALIZADO'),(1598487206,1599233923,'FINALIZADO'),(1598487206,1599585482,'FINALIZADO'),(1598487206,1599682048,'FINALIZADO'),(1598487206,1599771922,'FINALIZADO'),(1598487206,1599859300,'FINALIZADO'),(1598487206,1600112364,'FINALIZADO'),(1598487206,1600202209,'FINALIZADO'),(1598487206,1600714045,'FINALIZADO'),(1598487206,1600802904,'FINALIZADO'),(1598487206,1600984658,'FINALIZADO'),(1598487206,1601054858,'FINALIZADO'),(1598487206,1601406909,'FINALIZADO'),(1598487206,1601495176,'FINALIZADO'),(1598488059,1598488126,'FINALIZADO'),(1598488059,1598488141,'FINALIZADO'),(1598488059,1598488159,'FINALIZADO'),(1598488059,1598488174,'FINALIZADO'),(1598488059,1598556895,'FINALIZADO'),(1598488059,1598556915,'FINALIZADO'),(1598488059,1598556938,'FINALIZADO'),(1598488059,1598556963,'FINALIZADO'),(1598488059,1598556983,'FINALIZADO'),(1598488059,1598557006,'FINALIZADO'),(1598488059,1598557032,'FINALIZADO'),(1598488059,1598557066,'FINALIZADO'),(1598488059,1598557088,'FINALIZADO'),(1598488059,1601407616,'FINALIZADO'),(1598488059,1601407648,'FINALIZADO'),(1598488059,1601407660,'FINALIZADO'),(1598488059,1601407669,'FINALIZADO'),(1598488059,1601407692,'FINALIZADO'),(1598488059,1601407718,'FINALIZADO'),(1598488059,1601407731,'FINALIZADO'),(1598488059,1601407743,'FINALIZADO'),(1598488059,1601407756,'FINALIZADO'),(1598488059,1601407771,'FINALIZADO'),(1598488059,1601407788,'FINALIZADO'),(1598488059,1601407799,'FINALIZADO'),(1598488059,1601407811,'FINALIZADO'),(1598488059,1601407829,'FINALIZADO'),(1598488059,1601407845,'FINALIZADO'),(1598488059,1601407862,'FINALIZADO'),(1598488059,1603284919,'FINALIZADO'),(1598488059,1603284943,'FINALIZADO'),(1598488059,1603284976,'FINALIZADO'),(1598488059,1603285048,'FINALIZADO'),(1598488059,1603285070,'FINALIZADO'),(1598488059,1603285105,'FINALIZADO'),(1598488059,1603285128,'FINALIZADO'),(1598488059,1603285152,'FINALIZADO'),(1598488059,1603285189,'FINALIZADO'),(1598488059,1603285234,'FINALIZADO'),(1598488059,1603285253,'FINALIZADO'),(1598488059,1603285278,'FINALIZADO'),(1598488059,1603285314,'FINALIZADO'),(1598488059,1603285330,'FINALIZADO'),(1598488059,1603285432,'FINALIZADO'),(1598488059,1603285450,'FINALIZADO'),(1598488059,1603285469,'FINALIZADO'),(1598488059,1603285499,'FINALIZADO'),(1598488059,1603285514,'FINALIZADO'),(1598488059,1603415839,'FINALIZADO'),(1598488059,1603486244,'FINALIZADO'),(1598488059,1603571765,'FINALIZADO'),(1598488059,1603994268,'FINALIZADO'),(1598488059,1604109022,'FINALIZADO'),(1598488059,1604432825,'FINALIZADO'),(1598491004,1598491037,'FINALIZADO'),(1598491004,1598722089,'FINALIZADO'),(1598491004,1599096322,'FINALIZADO'),(1598491004,1599096443,'FINALIZADO'),(1598491004,1599097457,'FINALIZADO'),(1598491004,1599228673,'FINALIZADO'),(1598491004,1599314623,'FINALIZADO'),(1598491004,1599577574,'FINALIZADO'),(1598491004,1599688794,'FINALIZADO'),(1598491004,1599746907,'FINALIZADO'),(1598491004,1599857524,'FINALIZADO'),(1598491004,1600098793,'FINALIZADO'),(1598491004,1600199835,'FINALIZADO'),(1598491004,1600375156,'FINALIZADO'),(1598491004,1600695071,'FINALIZADO'),(1598491004,1600809402,'FINALIZADO'),(1598491004,1600896847,'FINALIZADO'),(1598491004,1601064740,'FINALIZADO'),(1598491004,1601145688,'FINALIZADO'),(1598491004,1601318548,'FINALIZADO'),(1598491004,1601407433,'FINALIZADO'),(1598491004,1601489865,'FINALIZADO'),(1598491004,1601930753,'FINALIZADO'),(1598721748,1598722444,'FINALIZADO'),(1598721748,1599096560,'FINALIZADO'),(1598721748,1599097382,'FINALIZADO'),(1598721748,1599097610,'FINALIZADO'),(1598721748,1599150157,'FINALIZADO'),(1598721748,1599264944,'FINALIZADO'),(1598721748,1599518430,'FINALIZADO'),(1598721748,1599613867,'FINALIZADO'),(1598721748,1599695153,'FINALIZADO'),(1598721748,1599783575,'FINALIZADO'),(1598721748,1599863162,'FINALIZADO'),(1598721748,1600117225,'FINALIZADO'),(1598721748,1600296402,'FINALIZADO'),(1598721748,1600390042,'FINALIZADO'),(1598721748,1600737481,'FINALIZADO'),(1598721748,1600818552,'FINALIZADO'),(1598721748,1600898758,'FINALIZADO'),(1598721801,1598722328,'FINALIZADO'),(1598721801,1599058057,'FINALIZADO'),(1598721801,1599096583,'FINALIZADO'),(1598721801,1599097359,'FINALIZADO'),(1598721801,1599178583,'FINALIZADO'),(1598721874,1598722206,'FINALIZADO'),(1598721874,1598722349,'FINALIZADO'),(1598721874,1599058313,'FINALIZADO'),(1598721874,1599097310,'FINALIZADO'),(1598721874,1599149295,'FINALIZADO'),(1598721874,1599231739,'FINALIZADO'),(1598721874,1599488174,'FINALIZADO'),(1598721874,1599574759,'FINALIZADO'),(1598721874,1599688691,'FINALIZADO'),(1598721874,1599748737,'FINALIZADO'),(1598721874,1600180294,'FINALIZADO'),(1598721874,1600265706,'FINALIZADO'),(1598721874,1600350712,'FINALIZADO'),(1598721874,1600785477,'FINALIZADO'),(1598721874,1600898379,'FINALIZADO'),(1598721874,1600957642,'FINALIZADO'),(1598721874,1601041630,'FINALIZADO'),(1598721874,1601421754,'FINALIZADO'),(1598721874,1602017988,'FINALIZADO'),(1598721952,1598722233,'FINALIZADO'),(1598721952,1598722474,'FINALIZADO'),(1598721952,1599061354,'FINALIZADO'),(1598721952,1599096373,'FINALIZADO'),(1598721952,1599096539,'FINALIZADO'),(1598721952,1599097501,'FINALIZADO'),(1598721952,1599159097,'FINALIZADO'),(1598721952,1599260588,'FINALIZADO'),(1598721952,1599322899,'FINALIZADO'),(1598721952,1599491293,'FINALIZADO'),(1598721952,1599608851,'FINALIZADO'),(1598721952,1599665749,'FINALIZADO'),(1598721952,1599773318,'FINALIZADO'),(1598721952,1599947924,'FINALIZADO'),(1598721952,1600105688,'FINALIZADO'),(1598721952,1600180596,'FINALIZADO'),(1598721952,1600295255,'FINALIZADO'),(1598722623,1598723383,'FINALIZADO'),(1598722623,1598729710,'FINALIZADO'),(1598722682,1598723177,'FINALIZADO'),(1598722682,1598723456,'FINALIZADO'),(1598722682,1603496710,'FINALIZADO'),(1598722682,1603736930,'FINALIZADO'),(1598722682,1603737019,'FINALIZADO'),(1598722682,1603833635,'FINALIZADO'),(1598722682,1603840065,'FINALIZADO'),(1598722682,1603914648,'FINALIZADO'),(1598722682,1604103914,'FINALIZADO'),(1598722682,1604341368,'FINALIZADO'),(1598722682,1604452207,'FINALIZADO'),(1598722682,1604453203,'FINALIZADO'),(1598722682,1604520399,'FINALIZADO'),(1598722682,1604622138,'FINALIZADO'),(1598722682,1605058572,'FINALIZADO'),(1598722682,1605058624,'FINALIZADO'),(1598722682,1605134919,'FINALIZADO'),(1598722682,1605215134,'FINALIZADO'),(1598722682,1605725116,'FINALIZADO'),(1598722682,1605754330,'FINALIZADO'),(1598722682,1605754429,'FINALIZADO'),(1598722785,1598723145,'FINALIZADO'),(1598722785,1598723224,'FINALIZADO'),(1598722785,1598723360,'FINALIZADO'),(1598722881,1598723114,'FINALIZADO'),(1598722881,1598723302,'FINALIZADO'),(1598722881,1598723426,'FINALIZADO'),(1598722881,1603371707,'FINALIZADO'),(1598722881,1603478575,'FINALIZADO'),(1598722881,1603738361,'FINALIZADO'),(1598722881,1603834887,'FINALIZADO'),(1598722881,1603913395,'FINALIZADO'),(1598722881,1604083352,'FINALIZADO'),(1598722881,1604408542,'FINALIZADO'),(1598722881,1604447193,'FINALIZADO'),(1598722881,1604451969,'FINALIZADO'),(1598722881,1604533616,'FINALIZADO'),(1598722881,1604615388,'FINALIZADO'),(1598722881,1604691131,'FINALIZADO'),(1598722881,1605271794,'FINALIZADO'),(1598722881,1605299731,'FINALIZADO'),(1598722881,1605399501,'FINALIZADO'),(1598722881,1605653401,'FINALIZADO'),(1598722881,1605869958,'FINALIZADO'),(1598722881,1606255562,'FINALIZADO'),(1598722881,1606255676,'FINALIZADO'),(1598722881,1606339199,'FINALIZADO'),(1598722881,1606411176,'FINALIZADO'),(1598722881,1606511366,'FINALIZADO'),(1598722881,1606594196,'FINALIZADO'),(1598722881,1606868896,'FINALIZADO'),(1598723030,1598723062,'FINALIZADO'),(1598723030,1598723201,'FINALIZADO'),(1598723030,1598723336,'FINALIZADO'),(1598723030,1598727520,'FINALIZADO'),(1599144380,1599227720,'FINALIZADO'),(1599144380,1601140407,'FINALIZADO'),(1599144380,1601394722,'FINALIZADO'),(1599144380,1601394749,'FINALIZADO'),(1599144380,1601394765,'FINALIZADO'),(1599144380,1601394778,'FINALIZADO'),(1599144380,1601394807,'FINALIZADO'),(1599144380,1601394824,'FINALIZADO'),(1599144380,1601394837,'FINALIZADO'),(1599144380,1601394850,'FINALIZADO'),(1599144380,1601394865,'FINALIZADO'),(1599144380,1601394888,'FINALIZADO'),(1599144380,1601394904,'FINALIZADO'),(1599144380,1601463715,'FINALIZADO'),(1599144380,1601505663,'FINALIZADO'),(1599144380,1601589347,'FINALIZADO'),(1599144380,1602013995,'FINALIZADO'),(1599144380,1602165984,'FINALIZADO'),(1599144380,1602251323,'FINALIZADO'),(1599144380,1602768891,'FINALIZADO'),(1599144380,1602769040,'FINALIZADO'),(1599144380,1602792838,'FINALIZADO'),(1599144380,1603237775,'FINALIZADO'),(1599144380,1603237805,'FINALIZADO'),(1599144380,1603312802,'FINALIZADO'),(1599144380,1603394928,'FINALIZADO'),(1599144380,1603573097,'PENDIENTE'),(1599144380,1603573475,'FINALIZADO'),(1599144380,1604454461,'FINALIZADO'),(1599144380,1604600099,'FINALIZADO'),(1599144380,1604676223,'FINALIZADO'),(1599144380,1605135354,'PENDIENTE'),(1599144380,1605135621,'PENDIENTE'),(1599144380,1605135734,'FINALIZADO'),(1599144380,1606409745,'FINALIZADO'),(1599144380,1606409762,'FINALIZADO'),(1599144380,1606409958,'FINALIZADO'),(1599144380,1606409985,'FINALIZADO'),(1599144380,1606410001,'FINALIZADO'),(1599144380,1606410018,'FINALIZADO'),(1599144380,1606410034,'FINALIZADO'),(1599144380,1606410047,'FINALIZADO'),(1599144380,1606410069,'FINALIZADO'),(1599573871,1599574046,'FINALIZADO'),(1599573871,1599574114,'FINALIZADO'),(1599573871,1599574139,'FINALIZADO'),(1599573871,1599574160,'FINALIZADO'),(1599573871,1599661838,'FINALIZADO'),(1599573871,1599751217,'FINALIZADO'),(1599573871,1599942879,'FINALIZADO'),(1599573871,1600178007,'FINALIZADO'),(1599573871,1600266001,'FINALIZADO'),(1599573871,1600374704,'FINALIZADO'),(1599573871,1600783410,'FINALIZADO'),(1599573871,1600901060,'FINALIZADO'),(1599573871,1600970949,'FINALIZADO'),(1599573871,1601040530,'FINALIZADO'),(1599573871,1601144527,'FINALIZADO'),(1599573871,1601405632,'FINALIZADO'),(1599573871,1601491270,'FINALIZADO'),(1599573871,1601585641,'FINALIZADO'),(1599573871,1602005037,'FINALIZADO'),(1599573871,1602093424,'FINALIZADO'),(1599578360,1599578732,'FINALIZADO'),(1599578360,1599661847,'FINALIZADO'),(1599578360,1599786185,'FINALIZADO'),(1599578360,1599870890,'FINALIZADO'),(1599578360,1600177643,'FINALIZADO'),(1599578360,1600302783,'FINALIZADO'),(1599578360,1600380088,'FINALIZADO'),(1599578360,1600730512,'FINALIZADO'),(1599578360,1600820296,'FINALIZADO'),(1599578360,1600906340,'FINALIZADO'),(1599578360,1600984706,'FINALIZADO'),(1599578360,1600984715,'FINALIZADO'),(1599578360,1601063044,'FINALIZADO'),(1599578360,1601155033,'FINALIZADO'),(1599578360,1601424300,'FINALIZADO'),(1599578360,1601505404,'FINALIZADO'),(1599578360,1601599860,'FINALIZADO'),(1599578360,1601762153,'FINALIZADO'),(1599578360,1601931730,'FINALIZADO'),(1599578360,1602156855,'FINALIZADO'),(1599658766,1599658923,'FINALIZADO'),(1599658766,1599765018,'FINALIZADO'),(1599658766,1599777183,'FINALIZADO'),(1599658766,1599777205,'FINALIZADO'),(1599658766,1599849288,'FINALIZADO'),(1599658766,1600123352,'FINALIZADO'),(1599658766,1600177049,'FINALIZADO'),(1599658766,1600265257,'FINALIZADO'),(1599658766,1600300647,'FINALIZADO'),(1599658766,1600806895,'FINALIZADO'),(1599658766,1600898822,'FINALIZADO'),(1599658766,1601040041,'FINALIZADO'),(1599658766,1601068162,'FINALIZADO'),(1599658766,1601334769,'FINALIZADO'),(1599658766,1601422898,'FINALIZADO'),(1599658766,1602031352,'FINALIZADO'),(1599658766,1602031397,'FINALIZADO'),(1599658766,1602031423,'FINALIZADO'),(1599658766,1602693419,'FINALIZADO'),(1599658766,1602693472,'FINALIZADO'),(1599658766,1602693504,'FINALIZADO'),(1599658766,1602693551,'FINALIZADO'),(1599658766,1602798299,'FINALIZADO'),(1599658766,1602807409,'FINALIZADO'),(1599658766,1603205225,'FINALIZADO'),(1599658766,1603235288,'FINALIZADO'),(1599658766,1604454456,'FINALIZADO'),(1599658766,1605567961,'FINALIZADO'),(1599658766,1605568046,'FINALIZADO'),(1599658766,1605568101,'FINALIZADO'),(1599658766,1605568144,'FINALIZADO'),(1599658766,1605568202,'FINALIZADO'),(1599658766,1605568232,'FINALIZADO'),(1599658766,1605568269,'FINALIZADO'),(1599658766,1605568306,'FINALIZADO'),(1599658766,1605568370,'FINALIZADO'),(1599662409,1601411344,'FINALIZADO'),(1599662409,1601411363,'FINALIZADO'),(1599662409,1601411395,'FINALIZADO'),(1599662409,1601411426,'FINALIZADO'),(1599662409,1601411446,'FINALIZADO'),(1599662409,1602110671,'FINALIZADO'),(1599662409,1602110706,'FINALIZADO'),(1599662409,1602191592,'FINALIZADO'),(1599662409,1602281990,'FINALIZADO'),(1599662409,1602363372,'FINALIZADO'),(1599662409,1602639603,'FINALIZADO'),(1599662409,1602717412,'FINALIZADO'),(1599662409,1602802576,'FINALIZADO'),(1599662409,1602890639,'FINALIZADO'),(1599662409,1602957853,'FINALIZADO'),(1599662409,1603144588,'FINALIZADO'),(1599662409,1603233343,'FINALIZADO'),(1599662409,1603310478,'FINALIZADO'),(1599662409,1603405322,'FINALIZADO'),(1599662409,1603413094,'FINALIZADO'),(1599662409,1603413126,'FINALIZADO'),(1599662409,1603413146,'FINALIZADO'),(1599662409,1603413170,'FINALIZADO'),(1599662409,1603413202,'FINALIZADO'),(1599662409,1603413215,'FINALIZADO'),(1599662409,1603413232,'FINALIZADO'),(1599662409,1603413252,'FINALIZADO'),(1599662409,1603413266,'FINALIZADO'),(1599662409,1603413282,'FINALIZADO'),(1599662409,1603413298,'FINALIZADO'),(1599662409,1603413329,'FINALIZADO'),(1599662409,1603413343,'FINALIZADO'),(1599662409,1603493695,'FINALIZADO'),(1599662409,1603565669,'FINALIZADO'),(1599662409,1603565790,'PENDIENTE'),(1599662409,1603834931,'FINALIZADO'),(1599662409,1603929576,'PENDIENTE'),(1599662409,1603929609,'PENDIENTE'),(1599662409,1603929663,'FINALIZADO'),(1599662409,1604015750,'FINALIZADO'),(1599662409,1604103284,'FINALIZADO'),(1599662409,1604346856,'FINALIZADO'),(1599662409,1604444715,'FINALIZADO'),(1599662409,1604612802,'FINALIZADO'),(1599662409,1604709418,'FINALIZADO'),(1599662409,1604784492,'FINALIZADO'),(1599662409,1604961312,'FINALIZADO'),(1599662409,1605050329,'FINALIZADO'),(1599662409,1605138299,'FINALIZADO'),(1599662409,1605226059,'FINALIZADO'),(1599662409,1605305760,'FINALIZADO'),(1599662409,1605649484,'FINALIZADO'),(1599662409,1605740667,'FINALIZADO'),(1599662409,1605823562,'FINALIZADO'),(1599662409,1605913556,'FINALIZADO'),(1599662409,1606157379,'FINALIZADO'),(1599662409,1606267579,'FINALIZADO'),(1599662409,1606345547,'FINALIZADO'),(1599662409,1606430576,'FINALIZADO'),(1599662409,1606521352,'FINALIZADO'),(1599662409,1606869430,'FINALIZADO'),(1599662409,1606950824,'FINALIZADO'),(1599769047,1599769080,'FINALIZADO'),(1599769047,1599769110,'FINALIZADO'),(1599769047,1599769126,'FINALIZADO'),(1599769047,1599769148,'FINALIZADO'),(1599769047,1599769166,'FINALIZADO'),(1599769047,1599769207,'FINALIZADO'),(1599769047,1599769225,'FINALIZADO'),(1599769047,1599769246,'FINALIZADO'),(1599769047,1599769262,'FINALIZADO'),(1599769047,1600812562,'FINALIZADO'),(1599769047,1600812582,'FINALIZADO'),(1599769047,1600812610,'FINALIZADO'),(1599769047,1600812632,'FINALIZADO'),(1599769047,1600812650,'FINALIZADO'),(1599769047,1600812671,'FINALIZADO'),(1599769047,1600812691,'FINALIZADO'),(1599769047,1600812708,'FINALIZADO'),(1599769047,1600812727,'FINALIZADO'),(1599769047,1600812766,'FINALIZADO'),(1599769047,1600812786,'FINALIZADO'),(1599769047,1600812810,'FINALIZADO'),(1599769047,1600812828,'FINALIZADO'),(1599769047,1600812845,'FINALIZADO'),(1599769047,1602714246,'FINALIZADO'),(1599769047,1603380545,'FINALIZADO'),(1599769047,1603380588,'FINALIZADO'),(1599769047,1603380624,'FINALIZADO'),(1599769047,1603380653,'FINALIZADO'),(1599769047,1603380680,'FINALIZADO'),(1599769047,1603380723,'FINALIZADO'),(1599769047,1603380771,'FINALIZADO'),(1599769047,1603380789,'FINALIZADO'),(1600955192,1600955311,'FINALIZADO'),(1600955192,1600955673,'FINALIZADO'),(1600955192,1601087418,'FINALIZADO'),(1600955192,1601513690,'FINALIZADO'),(1600955192,1601513945,'FINALIZADO'),(1601251693,1603326234,'FINALIZADO'),(1601251693,1603326254,'FINALIZADO'),(1601251693,1603326266,'FINALIZADO'),(1601251693,1603326285,'FINALIZADO'),(1601251693,1603326304,'FINALIZADO'),(1601251693,1603326329,'FINALIZADO'),(1601251693,1603326345,'FINALIZADO'),(1601251693,1603326361,'FINALIZADO'),(1601251733,1603325457,'FINALIZADO'),(1601251733,1603325472,'FINALIZADO'),(1601251733,1603325487,'FINALIZADO'),(1601251733,1603325504,'FINALIZADO'),(1601251733,1603325530,'FINALIZADO'),(1601251733,1603325545,'FINALIZADO'),(1601251733,1603325561,'FINALIZADO'),(1601251733,1603325577,'FINALIZADO'),(1601251733,1603325598,'FINALIZADO'),(1601251733,1603325612,'FINALIZADO'),(1601251733,1603325632,'FINALIZADO'),(1601251733,1603325670,'FINALIZADO'),(1601251733,1603325686,'FINALIZADO'),(1601251760,1602279634,'FINALIZADO'),(1601251760,1602279694,'FINALIZADO'),(1601251760,1602627841,'FINALIZADO'),(1601251760,1602707078,'FINALIZADO'),(1601251760,1602788850,'FINALIZADO'),(1601251760,1602864393,'FINALIZADO'),(1601251760,1602960122,'FINALIZADO'),(1601251760,1603212992,'FINALIZADO'),(1601251760,1603300012,'FINALIZADO'),(1601251760,1603328507,'FINALIZADO'),(1601251760,1603328533,'FINALIZADO'),(1601251760,1603328551,'FINALIZADO'),(1601251760,1603328566,'FINALIZADO'),(1601251760,1603328582,'FINALIZADO'),(1601251760,1603328630,'FINALIZADO'),(1601251760,1603328645,'FINALIZADO'),(1601251760,1603328669,'FINALIZADO'),(1601251760,1603328691,'FINALIZADO'),(1601251760,1603328720,'FINALIZADO'),(1601251760,1603328744,'FINALIZADO'),(1601251760,1603328803,'FINALIZADO'),(1601251760,1603383163,'FINALIZADO'),(1601251760,1603481808,'FINALIZADO'),(1601251760,1603559916,'FINALIZADO'),(1601251760,1603810475,'FINALIZADO'),(1601251760,1603901479,'FINALIZADO'),(1601251760,1603984730,'FINALIZADO'),(1601251760,1604075130,'FINALIZADO'),(1601251760,1604344162,'FINALIZADO'),(1601251760,1604427858,'FINALIZADO'),(1601251760,1604528653,'FINALIZADO'),(1601251760,1604622607,'FINALIZADO'),(1601251760,1604695069,'FINALIZADO'),(1601251760,1604784829,'FINALIZADO'),(1601251760,1604942185,'FINALIZADO'),(1601251760,1605031256,'FINALIZADO'),(1601251760,1605126404,'FINALIZADO'),(1601251760,1605205652,'FINALIZADO'),(1601251760,1605284379,'FINALIZADO'),(1601251760,1605367743,'FINALIZADO'),(1601251760,1605631175,'FINALIZADO'),(1601251760,1605806352,'FINALIZADO'),(1601251760,1605806469,'FINALIZADO'),(1601251760,1605992438,'FINALIZADO'),(1601251760,1606133133,'FINALIZADO'),(1601251760,1606509372,'FINALIZADO'),(1601251760,1606509399,'FINALIZADO'),(1601251797,1602181869,'FINALIZADO'),(1601251797,1602282399,'FINALIZADO'),(1601251797,1602626486,'FINALIZADO'),(1601251797,1602705094,'FINALIZADO'),(1601251797,1602789196,'FINALIZADO'),(1601251797,1602872740,'FINALIZADO'),(1601251797,1602963372,'FINALIZADO'),(1601251797,1603210951,'FINALIZADO'),(1601251797,1603298141,'FINALIZADO'),(1601251797,1603325036,'FINALIZADO'),(1601251797,1603325056,'FINALIZADO'),(1601251797,1603325092,'FINALIZADO'),(1601251797,1603325111,'FINALIZADO'),(1601251797,1603325194,'FINALIZADO'),(1601251797,1603325228,'FINALIZADO'),(1601251797,1603325251,'FINALIZADO'),(1601251797,1603325267,'FINALIZADO'),(1601251797,1603325284,'FINALIZADO'),(1601251797,1603325320,'FINALIZADO'),(1601251797,1603325349,'FINALIZADO'),(1601251797,1603325367,'FINALIZADO'),(1601251797,1603325378,'FINALIZADO'),(1601251797,1603382859,'FINALIZADO'),(1601251797,1603480322,'FINALIZADO'),(1601251797,1603555000,'FINALIZADO'),(1601251797,1603816496,'FINALIZADO'),(1601251797,1603916997,'FINALIZADO'),(1601251797,1603992421,'FINALIZADO'),(1601251797,1604083550,'FINALIZADO'),(1601251797,1604420234,'FINALIZADO'),(1601251797,1604420499,'FINALIZADO'),(1601251797,1604527219,'FINALIZADO'),(1601251797,1604623869,'FINALIZADO'),(1601251797,1604711591,'FINALIZADO'),(1601251797,1604779086,'FINALIZADO'),(1601251797,1604943620,'FINALIZADO'),(1601251797,1605033023,'FINALIZADO'),(1601251797,1605117504,'FINALIZADO'),(1601251797,1605287669,'FINALIZADO'),(1601251797,1605538763,'FINALIZADO'),(1601251797,1605639809,'FINALIZADO'),(1601251797,1605718436,'FINALIZADO'),(1601251797,1605893133,'FINALIZADO'),(1601251797,1606143059,'FINALIZADO'),(1601251797,1606257356,'FINALIZADO'),(1601251797,1606326470,'FINALIZADO'),(1601251797,1606420517,'FINALIZADO'),(1601251797,1606517369,'FINALIZADO'),(1601251797,1606859838,'FINALIZADO'),(1601251797,1606950703,'FINALIZADO'),(1601251823,1602251281,'FINALIZADO'),(1601251823,1602291691,'FINALIZADO'),(1601251823,1602624254,'FINALIZADO'),(1601251823,1602706758,'FINALIZADO'),(1601251823,1602790181,'FINALIZADO'),(1601251823,1602874605,'FINALIZADO'),(1601251823,1603126153,'FINALIZADO'),(1601251823,1603222561,'FINALIZADO'),(1601251823,1603302759,'FINALIZADO'),(1601251823,1603395387,'FINALIZADO'),(1601251823,1603415186,'FINALIZADO'),(1601251823,1603415235,'FINALIZADO'),(1601251823,1603415405,'FINALIZADO'),(1601251823,1603415484,'FINALIZADO'),(1601251823,1603415511,'FINALIZADO'),(1601251823,1603415537,'FINALIZADO'),(1601251823,1603415562,'FINALIZADO'),(1601251823,1603415577,'FINALIZADO'),(1601251823,1603415611,'FINALIZADO'),(1601251823,1603415633,'FINALIZADO'),(1601251823,1603415664,'FINALIZADO'),(1601251823,1603479702,'FINALIZADO'),(1601251823,1603675345,'FINALIZADO'),(1601251823,1603727199,'FINALIZADO'),(1601251823,1603816628,'FINALIZADO'),(1601251823,1603897465,'FINALIZADO'),(1601251823,1603993994,'FINALIZADO'),(1601251823,1604088798,'FINALIZADO'),(1601251823,1604441560,'FINALIZADO'),(1601251823,1604545566,'FINALIZADO'),(1601251823,1604704591,'FINALIZADO'),(1601251823,1604889703,'FINALIZADO'),(1601251823,1604889768,'FINALIZADO'),(1601251823,1604950417,'FINALIZADO'),(1601251823,1605033429,'FINALIZADO'),(1601251823,1605132282,'FINALIZADO'),(1601251823,1605209185,'FINALIZADO'),(1601251823,1605289578,'FINALIZADO'),(1601251823,1605627884,'FINALIZADO'),(1601251823,1605726296,'FINALIZADO'),(1601251823,1606232155,'FINALIZADO'),(1601251823,1606232867,'FINALIZADO'),(1601251823,1606321346,'FINALIZADO'),(1601251823,1606431947,'FINALIZADO'),(1601251845,1603327225,'FINALIZADO'),(1601251845,1603327236,'FINALIZADO'),(1601251845,1603327250,'FINALIZADO'),(1601251845,1603327264,'FINALIZADO'),(1601251845,1603327280,'FINALIZADO'),(1601251845,1603327292,'FINALIZADO'),(1601251845,1603327306,'FINALIZADO'),(1601251845,1603327325,'FINALIZADO'),(1601251845,1603327342,'FINALIZADO'),(1601251845,1603327353,'FINALIZADO'),(1601251845,1603327369,'FINALIZADO'),(1601251845,1603327386,'FINALIZADO'),(1601251845,1603327398,'FINALIZADO'),(1601251880,1602190864,'FINALIZADO'),(1601251880,1602273672,'FINALIZADO'),(1601251880,1602701239,'FINALIZADO'),(1601251880,1602789366,'FINALIZADO'),(1601251880,1602866773,'FINALIZADO'),(1601251880,1603129977,'FINALIZADO'),(1601251880,1603224598,'FINALIZADO'),(1601251880,1603327500,'FINALIZADO'),(1601251880,1603327524,'FINALIZADO'),(1601251880,1603327544,'FINALIZADO'),(1601251880,1603327559,'FINALIZADO'),(1601251880,1603327584,'FINALIZADO'),(1601251880,1603327605,'FINALIZADO'),(1601251880,1603327617,'FINALIZADO'),(1601251880,1603327639,'FINALIZADO'),(1601251880,1603327654,'FINALIZADO'),(1601251880,1603327667,'FINALIZADO'),(1601251880,1603327680,'FINALIZADO'),(1601251880,1603327719,'FINALIZADO'),(1601251880,1603334101,'FINALIZADO'),(1601251880,1603386758,'FINALIZADO'),(1601251880,1603395301,'FINALIZADO'),(1601251880,1603493064,'FINALIZADO'),(1601251880,1603728612,'FINALIZADO'),(1601251880,1603816278,'FINALIZADO'),(1601251880,1603900331,'FINALIZADO'),(1601251880,1603989601,'FINALIZADO'),(1601251880,1604089078,'FINALIZADO'),(1601251880,1604369157,'FINALIZADO'),(1601251880,1604425926,'FINALIZADO'),(1601251880,1604526227,'FINALIZADO'),(1601251880,1604619065,'FINALIZADO'),(1601251880,1604703303,'FINALIZADO'),(1601251880,1604945936,'FINALIZADO'),(1601251880,1605038363,'FINALIZADO'),(1601251880,1605119454,'FINALIZADO'),(1601251880,1605204234,'FINALIZADO'),(1601251880,1605287109,'FINALIZADO'),(1601251880,1605553120,'FINALIZADO'),(1601251880,1605637044,'FINALIZADO'),(1601251880,1605723061,'FINALIZADO'),(1601251880,1605802261,'FINALIZADO'),(1601251880,1606158027,'FINALIZADO'),(1601251880,1606310914,'FINALIZADO'),(1601251880,1606346115,'FINALIZADO'),(1601251880,1606432009,'FINALIZADO'),(1601251880,1606861008,'FINALIZADO'),(1601251908,1603324212,'FINALIZADO'),(1601251908,1603324265,'FINALIZADO'),(1601251908,1603324404,'FINALIZADO'),(1601251908,1603324504,'FINALIZADO'),(1601251908,1603324553,'FINALIZADO'),(1601251908,1603324590,'FINALIZADO'),(1601251908,1603324648,'FINALIZADO'),(1601251908,1603324684,'FINALIZADO'),(1601251908,1603324756,'FINALIZADO'),(1601251908,1603324807,'FINALIZADO'),(1601251959,1603328402,'FINALIZADO'),(1601251959,1603328426,'FINALIZADO'),(1601410599,1601410763,'FINALIZADO'),(1601410599,1603205977,'FINALIZADO'),(1601410599,1603206004,'FINALIZADO'),(1601410599,1603206032,'FINALIZADO'),(1601410599,1603206051,'FINALIZADO'),(1601410599,1603206078,'FINALIZADO'),(1601410599,1603206115,'FINALIZADO'),(1601410599,1603206147,'FINALIZADO'),(1601410599,1603206204,'FINALIZADO'),(1601410599,1603206221,'FINALIZADO'),(1601410599,1603206246,'FINALIZADO'),(1601410599,1603206266,'FINALIZADO'),(1601410599,1603206284,'FINALIZADO'),(1601410599,1603206306,'FINALIZADO'),(1601410599,1603206332,'FINALIZADO'),(1601410599,1603206354,'FINALIZADO'),(1601410599,1603206372,'FINALIZADO'),(1601410599,1603206399,'FINALIZADO'),(1601410599,1603206421,'FINALIZADO'),(1601410599,1603206441,'FINALIZADO'),(1601410599,1603246303,'FINALIZADO'),(1601410599,1603324147,'FINALIZADO'),(1601410599,1603410235,'FINALIZADO'),(1601410599,1603491273,'FINALIZADO'),(1601410599,1603749116,'FINALIZADO'),(1601410599,1603827848,'FINALIZADO'),(1601410599,1603918960,'FINALIZADO'),(1601410599,1604011795,'FINALIZADO'),(1601410599,1604083283,'FINALIZADO'),(1601410599,1604356412,'FINALIZADO'),(1601410599,1604429055,'FINALIZADO'),(1601410599,1604504276,'FINALIZADO'),(1601410599,1604608348,'FINALIZADO'),(1601410599,1604693220,'FINALIZADO'),(1601410599,1604946333,'FINALIZADO'),(1601410599,1605112818,'FINALIZADO'),(1601410599,1605228205,'FINALIZADO'),(1601410599,1605566948,'FINALIZADO'),(1601410599,1605653089,'FINALIZADO'),(1601410599,1605736218,'FINALIZADO'),(1601410599,1605853057,'FINALIZADO'),(1601410599,1605897467,'FINALIZADO'),(1601410599,1606187854,'FINALIZADO'),(1601410599,1606351115,'FINALIZADO'),(1601410599,1606437638,'FINALIZADO'),(1601410599,1606509758,'FINALIZADO'),(1601410599,1606856714,'FINALIZADO'),(1601410599,1606945478,'FINALIZADO'),(1601410853,1604496972,'FINALIZADO'),(1601410853,1604497036,'PENDIENTE'),(1601410853,1604497059,'PENDIENTE'),(1601410853,1604497082,'PENDIENTE'),(1601410853,1604497118,'PENDIENTE'),(1601410853,1604497159,'PENDIENTE'),(1601410853,1604497190,'PENDIENTE'),(1601410853,1604497213,'PENDIENTE'),(1601410853,1604497237,'PENDIENTE'),(1601410853,1604497346,'PENDIENTE'),(1601410853,1604497384,'FINALIZADO'),(1601410853,1604497614,'FINALIZADO'),(1601410853,1604497649,'FINALIZADO'),(1601410853,1604497675,'FINALIZADO'),(1601410853,1604497703,'FINALIZADO'),(1601410853,1604497727,'FINALIZADO'),(1601410853,1604497749,'FINALIZADO'),(1601477112,1601477487,'FINALIZADO'),(1601477112,1601510357,'FINALIZADO'),(1601477112,1602029703,'FINALIZADO'),(1601477112,1602029737,'FINALIZADO'),(1601477112,1602029764,'FINALIZADO'),(1601477112,1602087310,'FINALIZADO'),(1601477112,1602173002,'FINALIZADO'),(1601477112,1602261750,'FINALIZADO'),(1601477112,1602345024,'FINALIZADO'),(1601477112,1602694323,'FINALIZADO'),(1601477112,1602780441,'FINALIZADO'),(1601477112,1602866479,'FINALIZADO'),(1601477167,1601477519,'FINALIZADO'),(1601477167,1601510549,'FINALIZADO'),(1601477277,1601477546,'FINALIZADO'),(1601477277,1601510595,'FINALIZADO'),(1601477277,1602029887,'FINALIZADO'),(1601509893,1601510961,'FINALIZADO'),(1601509893,1602030154,'FINALIZADO'),(1601509893,1602030168,'FINALIZADO'),(1601509893,1602030188,'FINALIZADO'),(1601509893,1602030203,'FINALIZADO'),(1601509929,1601510994,'FINALIZADO'),(1601509976,1601511025,'FINALIZADO'),(1601509976,1602030318,'FINALIZADO'),(1601509976,1602030350,'FINALIZADO'),(1601509976,1602030370,'FINALIZADO'),(1601509976,1602030392,'FINALIZADO'),(1601509976,1602030408,'FINALIZADO'),(1601509976,1603923377,'FINALIZADO'),(1601509976,1604019819,'FINALIZADO'),(1601509976,1604105465,'FINALIZADO'),(1601509976,1604378243,'FINALIZADO'),(1601509976,1604537580,'FINALIZADO'),(1601509976,1604666494,'FINALIZADO'),(1601509976,1604711196,'FINALIZADO'),(1601509976,1604792572,'FINALIZADO'),(1601509976,1604964461,'FINALIZADO'),(1601509976,1605052057,'FINALIZADO'),(1601509976,1605149513,'FINALIZADO'),(1601509976,1605218408,'FINALIZADO'),(1601509976,1605320873,'FINALIZADO'),(1601509976,1605392824,'FINALIZADO'),(1601509976,1605564676,'FINALIZADO'),(1601509976,1605737426,'FINALIZADO'),(1601509976,1605838542,'FINALIZADO'),(1601509976,1605914603,'FINALIZADO'),(1601509976,1606170581,'FINALIZADO'),(1601509976,1606170611,'FINALIZADO'),(1601509976,1606441386,'FINALIZADO'),(1601509976,1606441457,'FINALIZADO'),(1601509976,1606522274,'FINALIZADO'),(1601509976,1606607548,'FINALIZADO'),(1601509976,1606952660,'FINALIZADO'),(1601509976,1606952709,'FINALIZADO'),(1601510011,1601511054,'FINALIZADO'),(1601510038,1601510882,'FINALIZADO'),(1601510038,1602029945,'FINALIZADO'),(1601510038,1602029961,'FINALIZADO'),(1601510038,1602030098,'FINALIZADO'),(1601510038,1602030116,'FINALIZADO'),(1601510038,1602149600,'FINALIZADO'),(1601510038,1602187012,'FINALIZADO'),(1601510038,1602275804,'FINALIZADO'),(1601510038,1602626310,'FINALIZADO'),(1601510038,1602708560,'FINALIZADO'),(1602030480,1602030502,'FINALIZADO'),(1602030480,1602030521,'FINALIZADO'),(1602030559,1602030660,'FINALIZADO'),(1602030559,1602030709,'FINALIZADO'),(1602030559,1602625054,'FINALIZADO'),(1602030559,1602694228,'FINALIZADO'),(1602030559,1603374412,'FINALIZADO'),(1602030559,1603374462,'FINALIZADO'),(1602030559,1603374498,'FINALIZADO'),(1602030559,1603374541,'FINALIZADO'),(1602030559,1603374629,'FINALIZADO'),(1602030559,1603374669,'FINALIZADO'),(1602030559,1603374721,'FINALIZADO'),(1602030559,1603374762,'FINALIZADO'),(1602030559,1603374800,'FINALIZADO'),(1602030559,1603374840,'FINALIZADO'),(1602030559,1603375016,'FINALIZADO'),(1602030559,1603736067,'FINALIZADO'),(1602030559,1603736094,'FINALIZADO'),(1602030559,1603736114,'FINALIZADO'),(1602030559,1603736156,'FINALIZADO'),(1602030559,1604074990,'FINALIZADO'),(1602030559,1604075011,'FINALIZADO'),(1602030559,1604075033,'FINALIZADO'),(1602030559,1604075053,'PENDIENTE'),(1602030559,1605566126,'FINALIZADO'),(1602030559,1605566161,'FINALIZADO'),(1602030559,1605566193,'FINALIZADO'),(1602030559,1605566222,'FINALIZADO'),(1602030559,1605566247,'FINALIZADO'),(1602030559,1605566272,'FINALIZADO'),(1602030559,1605566339,'FINALIZADO'),(1602030559,1605566426,'FINALIZADO'),(1602030559,1605566711,'FINALIZADO'),(1602030559,1605566745,'FINALIZADO'),(1602030559,1605566809,'FINALIZADO'),(1602030559,1606132692,'FINALIZADO'),(1602030559,1606132720,'FINALIZADO'),(1602030559,1606132754,'FINALIZADO'),(1602030807,1602030836,'FINALIZADO'),(1602030807,1602030851,'FINALIZADO'),(1602030943,1602030988,'FINALIZADO'),(1602030943,1603375201,'FINALIZADO'),(1602031038,1602031068,'FINALIZADO'),(1602031114,1602031140,'FINALIZADO'),(1602031114,1602031154,'FINALIZADO'),(1602031114,1602624645,'FINALIZADO'),(1602031114,1602624678,'FINALIZADO'),(1602031114,1602624713,'FINALIZADO'),(1602031114,1603373743,'FINALIZADO'),(1602031217,1602031252,'FINALIZADO'),(1602249116,1602249734,'FINALIZADO'),(1602249116,1602674674,'FINALIZADO'),(1602249116,1602843610,'FINALIZADO'),(1602249116,1602848128,'FINALIZADO'),(1602249116,1602944191,'FINALIZADO'),(1602249116,1603326468,'FINALIZADO'),(1602249116,1603326483,'FINALIZADO'),(1602249116,1603326499,'FINALIZADO'),(1602249116,1603326513,'PENDIENTE'),(1602249116,1603326537,'FINALIZADO'),(1602249116,1603326618,'FINALIZADO'),(1602249116,1603326633,'FINALIZADO'),(1602249116,1603326668,'FINALIZADO'),(1602249116,1603326699,'FINALIZADO'),(1602249116,1603678001,'FINALIZADO'),(1602249116,1604332676,'FINALIZADO'),(1602249116,1604430681,'FINALIZADO'),(1602249116,1604531433,'FINALIZADO'),(1602249116,1605117656,'FINALIZADO'),(1602249116,1605209179,'FINALIZADO'),(1602249116,1605295536,'FINALIZADO'),(1602249116,1605654361,'FINALIZADO'),(1602249116,1605728336,'FINALIZADO'),(1602249116,1605803640,'FINALIZADO'),(1602249116,1606253493,'FINALIZADO'),(1602249116,1606320770,'FINALIZADO'),(1602249116,1606498614,'FINALIZADO'),(1602249116,1606851013,'FINALIZADO'),(1602249116,1606950767,'FINALIZADO'),(1602249711,1602329412,'FINALIZADO'),(1602249711,1602329580,'FINALIZADO'),(1602249711,1602628451,'FINALIZADO'),(1602249711,1602757563,'FINALIZADO'),(1602249711,1602809789,'FINALIZADO'),(1602249711,1602884945,'FINALIZADO'),(1602249711,1602964775,'FINALIZADO'),(1602249711,1603248853,'FINALIZADO'),(1602249711,1603320441,'FINALIZADO'),(1602249711,1603403575,'FINALIZADO'),(1602249711,1603496889,'FINALIZADO'),(1602249711,1603562664,'FINALIZADO'),(1602249711,1603834061,'FINALIZADO'),(1602249711,1604112777,'FINALIZADO'),(1602249711,1604112820,'FINALIZADO'),(1602249711,1604112870,'FINALIZADO'),(1602249711,1604440246,'FINALIZADO'),(1602249711,1604623599,'FINALIZADO'),(1602249711,1604623623,'FINALIZADO'),(1602249711,1604746385,'FINALIZADO'),(1602249711,1605058533,'FINALIZADO'),(1602249711,1605058561,'FINALIZADO'),(1602249711,1605262830,'FINALIZADO'),(1602249711,1605262951,'FINALIZADO'),(1602249711,1605326372,'FINALIZADO'),(1602249711,1605752871,'FINALIZADO'),(1602249711,1605840782,'FINALIZADO'),(1602249711,1606259463,'FINALIZADO'),(1602249711,1606355648,'FINALIZADO'),(1602249711,1606444331,'FINALIZADO'),(1602250408,1602250596,'FINALIZADO'),(1602250408,1602671758,'FINALIZADO'),(1602250408,1602671799,'FINALIZADO'),(1602250408,1603325789,'FINALIZADO'),(1602250408,1603325805,'FINALIZADO'),(1602250408,1603325829,'FINALIZADO'),(1602250408,1603325855,'FINALIZADO'),(1602250408,1603325872,'FINALIZADO'),(1602250408,1603325885,'FINALIZADO'),(1602250408,1603325900,'FINALIZADO'),(1602250408,1603325930,'FINALIZADO'),(1602250408,1603325942,'FINALIZADO'),(1602250408,1603325962,'FINALIZADO'),(1602250408,1603325977,'FINALIZADO'),(1602250408,1603326015,'FINALIZADO'),(1602250408,1603326028,'FINALIZADO'),(1602250408,1603326122,'FINALIZADO'),(1602250408,1603326133,'FINALIZADO'),(1602250408,1603326155,'FINALIZADO'),(1602250408,1603326173,'FINALIZADO'),(1602250408,1603452383,'FINALIZADO'),(1602250408,1603535238,'PENDIENTE'),(1602250408,1603535282,'FINALIZADO'),(1602250408,1603535470,'FINALIZADO'),(1602851237,1602851340,'FINALIZADO'),(1602851237,1603199768,'FINALIZADO'),(1602851237,1603200459,'FINALIZADO'),(1602851237,1603215341,'FINALIZADO'),(1602851237,1603300756,'FINALIZADO'),(1602851237,1603393547,'FINALIZADO'),(1602851237,1603472715,'FINALIZADO'),(1602851237,1603572175,'FINALIZADO'),(1602851237,1603735437,'FINALIZADO'),(1602851237,1603823648,'FINALIZADO'),(1602851237,1603998634,'FINALIZADO'),(1602851237,1604068232,'FINALIZADO'),(1602851237,1604404432,'FINALIZADO'),(1602851237,1604419592,'FINALIZADO'),(1602851237,1604504669,'FINALIZADO'),(1602851237,1604601480,'FINALIZADO'),(1602851237,1604691157,'FINALIZADO'),(1602851237,1605126331,'FINALIZADO'),(1602851237,1605541811,'FINALIZADO'),(1602851237,1605643331,'FINALIZADO'),(1602851237,1605730033,'FINALIZADO'),(1602851237,1605800746,'FINALIZADO'),(1602851237,1605890815,'FINALIZADO'),(1602851237,1606516040,'FINALIZADO'),(1602851284,1602851394,'FINALIZADO'),(1602851284,1603205604,'FINALIZADO'),(1602851284,1603329589,'FINALIZADO'),(1602851284,1603329606,'FINALIZADO'),(1602851284,1603389705,'FINALIZADO'),(1602851284,1603502636,'FINALIZADO'),(1602851284,1603846205,'FINALIZADO'),(1602851284,1603921326,'FINALIZADO'),(1602851284,1604004734,'FINALIZADO'),(1602851284,1604452497,'FINALIZADO'),(1602851284,1604518679,'FINALIZADO'),(1602851284,1604616992,'FINALIZADO'),(1602851284,1604709573,'FINALIZADO'),(1602851284,1604799114,'FINALIZADO'),(1602851284,1604952261,'FINALIZADO'),(1602851284,1605042775,'FINALIZADO'),(1602851284,1605144909,'FINALIZADO'),(1602851284,1605228411,'FINALIZADO'),(1602851284,1605324536,'FINALIZADO'),(1602851284,1605567215,'FINALIZADO'),(1602851284,1605573355,'FINALIZADO'),(1602851284,1605657892,'FINALIZADO'),(1602851284,1605748060,'FINALIZADO'),(1602851284,1605822546,'FINALIZADO'),(1602851284,1605890508,'FINALIZADO'),(1602851284,1606155498,'FINALIZADO'),(1602851284,1606354158,'FINALIZADO'),(1602851284,1606407408,'FINALIZADO'),(1602851284,1606411389,'FINALIZADO'),(1602851284,1606517265,'FINALIZADO'),(1602857425,1603205679,'FINALIZADO'),(1602857425,1603205701,'FINALIZADO'),(1602857425,1603205752,'FINALIZADO'),(1602857425,1603239097,'FINALIZADO'),(1602857425,1603404879,'FINALIZADO'),(1602857425,1603404905,'FINALIZADO'),(1602857425,1603592299,'FINALIZADO'),(1602857425,1603756762,'FINALIZADO'),(1602857425,1603850470,'FINALIZADO'),(1602857425,1603934887,'FINALIZADO'),(1602857425,1604103068,'FINALIZADO'),(1602857425,1604364425,'FINALIZADO'),(1602857425,1604447685,'FINALIZADO'),(1602857425,1604451991,'FINALIZADO'),(1602857425,1604452031,'FINALIZADO'),(1602857425,1604710816,'FINALIZADO'),(1602857425,1604786066,'FINALIZADO'),(1602857425,1604958132,'FINALIZADO'),(1602857425,1605060910,'FINALIZADO'),(1602857425,1605216831,'FINALIZADO'),(1602857425,1605312570,'FINALIZADO'),(1602857425,1605393221,'FINALIZADO'),(1602857425,1605561023,'FINALIZADO'),(1602857425,1605657997,'FINALIZADO'),(1602857425,1605744973,'FINALIZADO'),(1602857425,1605824076,'FINALIZADO'),(1602857425,1605910687,'FINALIZADO'),(1602857425,1605986703,'FINALIZADO'),(1602857425,1606254069,'FINALIZADO'),(1602857425,1606339643,'FINALIZADO'),(1602857425,1606504323,'FINALIZADO'),(1602857425,1606597872,'FINALIZADO'),(1602857425,1606871794,'FINALIZADO'),(1602857496,1603205816,'FINALIZADO'),(1603327088,1603327170,'FINALIZADO'),(1603328082,1603328127,'FINALIZADO'),(1603328082,1603328142,'FINALIZADO'),(1603328082,1603328172,'FINALIZADO'),(1603328082,1603328186,'FINALIZADO'),(1603328082,1603328201,'FINALIZADO'),(1603328082,1603328218,'FINALIZADO'),(1603328082,1603328247,'FINALIZADO'),(1603328082,1603328262,'FINALIZADO'),(1603328082,1603328279,'FINALIZADO'),(1603328082,1603328307,'FINALIZADO'),(1603367847,1603410045,'FINALIZADO'),(1603367847,1603410620,'FINALIZADO'),(1603367847,1603479826,'FINALIZADO'),(1603367847,1603751254,'FINALIZADO'),(1603367847,1603817786,'FINALIZADO'),(1603367847,1603896412,'FINALIZADO'),(1603367847,1603984529,'FINALIZADO'),(1603367847,1604098675,'FINALIZADO'),(1603367847,1604450671,'FINALIZADO'),(1603367847,1604518381,'FINALIZADO'),(1603367847,1604611497,'FINALIZADO'),(1603367847,1604713756,'FINALIZADO'),(1603367847,1604796037,'FINALIZADO'),(1603367847,1604965993,'FINALIZADO'),(1603367847,1605136114,'FINALIZADO'),(1603367847,1605223412,'FINALIZADO'),(1603367847,1605304954,'FINALIZADO'),(1603367847,1605395084,'FINALIZADO'),(1603367847,1605723986,'FINALIZADO'),(1603367847,1605817495,'FINALIZADO'),(1603367847,1605898967,'FINALIZADO'),(1603498521,1603499885,'FINALIZADO'),(1603498521,1603833759,'FINALIZADO'),(1603498521,1603914730,'FINALIZADO'),(1603498521,1603915304,'FINALIZADO'),(1603498521,1604094309,'FINALIZADO'),(1603498521,1604142505,'FINALIZADO'),(1603498521,1604142618,'FINALIZADO'),(1603498521,1604335782,'FINALIZADO'),(1603498521,1604434592,'FINALIZADO'),(1603498521,1604434759,'FINALIZADO'),(1603498521,1604570011,'FINALIZADO'),(1603840123,1603840147,'FINALIZADO'),(1603840123,1604070882,'FINALIZADO'),(1603840123,1604070907,'FINALIZADO'),(1603840123,1604449694,'FINALIZADO'),(1603840123,1604449728,'FINALIZADO'),(1603840123,1606420737,'FINALIZADO'),(1603840123,1606420850,'FINALIZADO'),(1603840123,1606420908,'FINALIZADO'),(1603840123,1606420933,'FINALIZADO'),(1603840123,1606420953,'FINALIZADO'),(1603840123,1606420972,'FINALIZADO'),(1603840123,1606420998,'FINALIZADO'),(1603840123,1606421020,'FINALIZADO'),(1603840123,1606421042,'FINALIZADO'),(1603840123,1606421065,'FINALIZADO'),(1603840123,1606421087,'FINALIZADO'),(1603840123,1606421108,'FINALIZADO'),(1603840568,1605568921,'FINALIZADO'),(1603840568,1605569004,'FINALIZADO'),(1603840568,1605569045,'FINALIZADO'),(1603840568,1605569105,'PENDIENTE'),(1603840568,1605569156,'FINALIZADO'),(1603840568,1605569261,'PENDIENTE'),(1603840568,1605569298,'FINALIZADO'),(1603840568,1605569477,'FINALIZADO'),(1603840568,1605569599,'FINALIZADO'),(1605556071,1605660401,'FINALIZADO'),(1605556071,1605753274,'FINALIZADO'),(1605556071,1605753315,'FINALIZADO'),(1605556071,1605753377,'FINALIZADO'),(1605556071,1606355876,'FINALIZADO'),(1605556071,1606355889,'FINALIZADO'),(1605556071,1606355920,'FINALIZADO'),(1605556071,1606356083,'FINALIZADO'),(1605556071,1606356123,'FINALIZADO'),(1605556071,1606356175,'FINALIZADO'),(1605556071,1606356223,'FINALIZADO'),(1605556071,1606356284,'FINALIZADO'),(1605556071,1606356330,'FINALIZADO'),(1605556071,1606356368,'FINALIZADO'),(1605556071,1606356413,'FINALIZADO'),(1606408864,1606408908,'FINALIZADO'),(1606408864,1606408931,'FINALIZADO'),(1606408864,1606408952,'FINALIZADO'),(1606408864,1606408977,'FINALIZADO'),(1606408864,1606409006,'FINALIZADO'),(1606408864,1606409028,'FINALIZADO'),(1606408864,1606409045,'FINALIZADO'),(1606408864,1606409066,'FINALIZADO'),(1606408864,1606409090,'FINALIZADO'),(1606408864,1606409115,'FINALIZADO'),(1606408864,1606409184,'FINALIZADO'),(1606408864,1606409215,'FINALIZADO'),(1606408864,1606409230,'FINALIZADO'),(1606408864,1606409260,'FINALIZADO'),(1606408864,1606409283,'FINALIZADO'),(1606408864,1606409313,'FINALIZADO'),(1606408864,1606409340,'FINALIZADO'),(1606408864,1606409371,'FINALIZADO'),(1606408864,1606409404,'FINALIZADO'),(1606408864,1606409422,'FINALIZADO'),(1606417720,1606417750,'FINALIZADO'),(1606417720,1606417769,'FINALIZADO'),(1606417720,1606417785,'FINALIZADO'),(1606417720,1606417800,'FINALIZADO'),(1606417720,1606417820,'FINALIZADO'),(1606417720,1606417849,'FINALIZADO'),(1606598019,1606598184,'FINALIZADO'),(1606598019,1606598219,'FINALIZADO'),(1606598019,1606598235,'FINALIZADO'),(1606598019,1606598252,'FINALIZADO'),(1606598019,1606598268,'FINALIZADO'),(1606598019,1606598288,'FINALIZADO'),(1606598019,1606598304,'FINALIZADO'),(1606598019,1606598320,'FINALIZADO'),(1606598019,1606598334,'FINALIZADO'),(1606598019,1606598349,'FINALIZADO');
/*!40000 ALTER TABLE `reparto_chofer` ENABLE KEYS */;
UNLOCK TABLES;
/*!40103 SET TIME_ZONE=@OLD_TIME_ZONE */;

/*!40101 SET SQL_MODE=@OLD_SQL_MODE */;
/*!40014 SET FOREIGN_KEY_CHECKS=@OLD_FOREIGN_KEY_CHECKS */;
/*!40014 SET UNIQUE_CHECKS=@OLD_UNIQUE_CHECKS */;
/*!40101 SET CHARACTER_SET_CLIENT=@OLD_CHARACTER_SET_CLIENT */;
/*!40101 SET CHARACTER_SET_RESULTS=@OLD_CHARACTER_SET_RESULTS */;
/*!40101 SET COLLATION_CONNECTION=@OLD_COLLATION_CONNECTION */;
/*!40111 SET SQL_NOTES=@OLD_SQL_NOTES */;

-- Dump completed on 2020-12-02 19:16:57
